TaskID,ProjectID,Budget,ProposalEstimate,ActualsToDate,Accrual,FullYearForecast,AFC,CostRemaining
TK000001,PJ0001,54903.13,54903.13,0.0,0.0,0.0,0.0,0.0
TK000002,PJ0001,0,0,0.0,0.0,0.0,0.0,0.0
TK000003,PJ0001,0,0,0.0,0.0,0.0,0.0,0.0
TK000004,PJ0001,0,0,"86,541.22",6016.63,538838.2,538838.2,452296.98
TK000005,PJ0001,107643.65,107643.65,0.0,0.0,0.0,0.0,0.0
TK000006,PJ0001,0,0,0.0,0.0,0.0,0.0,0.0
TK000007,PJ0001,0,0,651926.96,43222.28,4281980.77,4281980.77,3630053.81
TK000008,PJ0001,0,0,85995.08,3966.15,514603.59,664550.94,578555.86
TK000009,PJ0002,144861.43,144861.43,0.0,0.0,0.0,0.0,0.0
TK000010,PJ0002,509023.55,509023.55,319503.37,15317.04,553092.79,553092.79,233589.42
TK000011,PJ0002,0,0,0.0,0.0,0.0,0.0,0.0
TK000012,PJ0002,0,0,0.0,0.0,0.0,0.0,0.0
TK000013,PJ0002,90402.32,90402.32,0.0,0.0,0.0,0.0,0.0
TK000014,PJ0002,0,0,6278.95,614.02,37823.96,37823.96,31545.01
TK000015,PJ0002,0,0,0.0,0.0,0.0,0.0,0.0
TK000016,PJ0002,16429.27,16429.27,0.0,0.0,0.0,0.0,0.0
TK000017,PJ0002,166603.78,155271.38,0.0,0.0,0.0,0.0,0.0
TK000018,PJ0003,0,0,0.0,0.0,0.0,0.0,0.0
TK000019,PJ0003,108336.51,108336.51,0.0,0.0,0.0,0.0,0.0
TK000020,PJ0003,0,0,1219.71,99.26,6015.66,6015.66,4795.95
TK000021,PJ0003,0,0,0.0,0.0,0.0,0.0,0.0
TK000022,PJ0003,11418483.57,11418483.57,0.0,0.0,0.0,0.0,0.0
TK000023,PJ0003,0,0,0.0,0.0,0.0,0.0,0.0
TK000024,PJ0003,0,0,0.0,0.0,0.0,0.0,0.0
TK000025,PJ0003,0,0,0.0,0.0,0.0,0.0,0.0
TK000026,PJ0003,0,0,0.0,0.0,0.0,0.0,0.0
TK000027,PJ0003,0,0,0.0,0.0,0.0,0.0,0.0
TK000028,PJ0003,0,0,0.0,0.0,0.0,0.0,0.0
TK000029,PJ0003,0,0,0.0,0.0,0.0,0.0,0.0
TK000030,PJ0003,0,0,0.0,0.0,0.0,0.0,0.0
TK000031,PJ0004,0,0,20537.18,1187.16,60917.19,60917.19,40380.01
TK000032,PJ0004,0,0,0.0,0.0,0.0,0.0,0.0
TK000033,PJ0004,124264.79,124264.79,0.0,0.0,0.0,0.0,0.0
TK000034,PJ0004,1878624.11,1878624.11,0.0,0.0,0.0,0.0,0.0
TK000035,PJ0004,0,0,112590.44,5296.65,515573.57,515573.57,402983.13
TK000036,PJ0004,651588.27,651588.27,0.0,0.0,0.0,0.0,0.0
TK000037,PJ0004,1252167.85,1390542.87,0.0,0.0,0.0,0.0,0.0
TK000038,PJ0004,0,0,5503.15,165.07,13697.07,13697.07,8193.92
TK000039,PJ0005,0,0,0.0,0.0,0.0,0.0,0.0
TK000040,PJ0005,153447.02,153447.02,0.0,0.0,0.0,0.0,0.0
TK000041,PJ0005,0,0,0.0,0.0,0.0,0.0,0.0
TK000042,PJ0005,0,0,0.0,0.0,0.0,0.0,0.0
TK000043,PJ0005,0,0,0.0,0.0,0.0,0.0,0.0
TK000044,PJ0005,0,0,0.0,0.0,0.0,0.0,0.0
TK000045,PJ0005,141080.23,141080.23,0.0,0.0,0.0,0.0,0.0
TK000046,PJ0005,187480.86,187480.86,0.0,0.0,0.0,0.0,0.0
TK000047,PJ0006,0,0,4601.16,379.45,16227.41,19134.61,14533.45
TK000048,PJ0006,334989.75,334989.75,0.0,0.0,0.0,0.0,0.0
TK000049,PJ0006,10044692.8,11293176.48,883843.3,49033.95,4180181.76,4180181.76,3296338.46
TK000050,PJ0006,0,0,0.0,0.0,0.0,0.0,0.0
TK000051,PJ0006,0,0,0.0,0.0,0.0,0.0,0.0
TK000052,PJ0006,0,0,0.0,0.0,0.0,0.0,0.0
TK000053,PJ0006,98794.43,98794.43,0.0,0.0,0.0,0.0,0.0
TK000054,PJ0006,0,0,0.0,0.0,0.0,0.0,0.0
TK000055,PJ0006,0,0,0.0,0.0,0.0,0.0,0.0
TK000056,PJ0006,0,0,0.0,0.0,0.0,0.0,0.0
TK000057,PJ0007,0,0,0.0,0.0,0.0,0.0,0.0
TK000058,PJ0007,0,0,39791.44,1121.52,125729.96,125729.96,85938.52
TK000059,PJ0007,0,0,0.0,0.0,0.0,0.0,0.0
TK000060,PJ0007,0,0,0.0,0.0,0.0,0.0,0.0
TK000061,PJ0007,0,0,0.0,0.0,0.0,0.0,0.0
TK000062,PJ0007,0,0,0.0,0.0,0.0,0.0,0.0
TK000063,PJ0007,0,0,0.0,0.0,0.0,0.0,0.0
TK000064,PJ0007,0,0,0.0,0.0,0.0,0.0,0.0
TK000065,PJ0007,0,0,66493.96,5947.52,253286.5,253286.5,186792.54
TK000066,PJ0007,0,0,0.0,0.0,0.0,0.0,0.0
TK000067,PJ0007,0,0,0.0,0.0,0.0,0.0,0.0
TK000068,PJ0007,8882722.43,8882722.43,0.0,0.0,0.0,0.0,0.0
TK000069,PJ0007,0,0,0.0,0.0,0.0,0.0,0.0
TK000070,PJ0008,0,0,0.0,0.0,0.0,0.0,0.0
TK000071,PJ0008,0,0,0.0,0.0,0.0,0.0,0.0
TK000072,PJ0008,0,0,0.0,0.0,0.0,0.0,0.0
TK000073,PJ0008,618977.93,618977.93,0.0,0.0,0.0,0.0,0.0
TK000074,PJ0008,0,0,0.0,0.0,0.0,0.0,0.0
TK000075,PJ0008,0,0,297214.47,8612.83,520179.6,520179.6,222965.13
TK000076,PJ0008,0,0,22988.37,1127.94,82898.4,82898.4,59910.03
TK000077,PJ0009,0,0,0.0,0.0,0.0,0.0,0.0
TK000078,PJ0009,113874.21,113874.21,0.0,0.0,0.0,0.0,0.0
TK000079,PJ0009,0,0,0.0,0.0,0.0,0.0,0.0
TK000080,PJ0009,162733.5,162733.5,21495.49,1772.85,106146.14,106146.14,84650.65
TK000081,PJ0009,0,0,0.0,0.0,0.0,0.0,0.0
TK000082,PJ0009,1843025.54,1843025.54,0.0,0.0,0.0,0.0,0.0
TK000083,PJ0009,0,0,0.0,0.0,0.0,0.0,0.0
TK000084,PJ0009,0,0,0.0,0.0,0.0,0.0,0.0
TK000085,PJ0009,0,0,0.0,0.0,0.0,0.0,0.0
TK000086,PJ0009,0,0,0.0,0.0,0.0,0.0,0.0
TK000087,PJ0009,7492277.87,7492277.87,0.0,0.0,0.0,0.0,0.0
TK000088,PJ0009,0,0,0.0,0.0,0.0,0.0,0.0
TK000089,PJ0009,770763.35,770763.35,0.0,0.0,0.0,0.0,0.0
TK000090,PJ0009,0,0,46417.36,2948.83,245713.52,245713.52,199296.16
TK000091,PJ0010,0,0,0.0,0.0,0.0,0.0,0.0
TK000092,PJ0010,0,0,0.0,0.0,0.0,0.0,0.0
TK000093,PJ0010,0,0,0.0,0.0,0.0,0.0,0.0
TK000094,PJ0010,0,0,0.0,0.0,0.0,0.0,0.0
TK000095,PJ0010,0,0,0.0,0.0,0.0,0.0,0.0
TK000096,PJ0010,85156.52,85156.52,0.0,0.0,0.0,0.0,0.0
TK000097,PJ0011,0,0,0.0,0.0,0.0,0.0,0.0
TK000098,PJ0011,10669.83,10669.83,5621.57,443.75,12391.11,12391.11,6769.54
TK000099,PJ0011,42191.89,42191.89,6679.1,547.48,24383.87,24383.87,17704.77
TK000100,PJ0011,0,0,0.0,0.0,0.0,0.0,0.0
TK000101,PJ0011,386206.55,386206.55,0.0,0.0,0.0,0.0,0.0
TK000102,PJ0011,0,0,0.0,0.0,0.0,0.0,0.0
TK000103,PJ0011,532530.88,532530.88,0.0,0.0,0.0,0.0,0.0
TK000104,PJ0011,186892.7,186892.7,0.0,0.0,0.0,0.0,0.0
TK000105,PJ0012,0,0,1799.26,92.26,7659.36,7659.36,5860.1
TK000106,PJ0012,351613.47,351613.47,0.0,0.0,0.0,0.0,0.0
TK000107,PJ0012,0,0,0.0,0.0,0.0,0.0,0.0
TK000108,PJ0012,0,0,0.0,0.0,0.0,0.0,0.0
TK000109,PJ0012,1169671.87,1169671.87,0.0,0.0,0.0,0.0,0.0
TK000110,PJ0012,2691006.97,2691006.97,0.0,0.0,0.0,0.0,0.0
TK000111,PJ0012,0,0,0.0,0.0,0.0,0.0,0.0
TK000112,PJ0013,92182.3,92182.3,0.0,0.0,0.0,0.0,0.0
TK000113,PJ0013,0,0,0.0,0.0,0.0,0.0,0.0
TK000114,PJ0013,0,0,0.0,0.0,0.0,0.0,0.0
TK000115,PJ0013,128409.37,128409.37,0.0,0.0,0.0,0.0,0.0
TK000116,PJ0013,0,0,0.0,0.0,0.0,0.0,0.0
TK000117,PJ0013,11028103.96,11028103.96,0.0,0.0,0.0,0.0,0.0
TK000118,PJ0013,68970.79,68970.79,0.0,0.0,0.0,0.0,0.0
TK000119,PJ0013,137998.7,137998.7,20688.66,1270.02,81865.24,81865.24,61176.58
TK000120,PJ0013,0,0,0.0,0.0,0.0,0.0,0.0
TK000121,PJ0013,0,0,0.0,0.0,0.0,0.0,0.0
TK000122,PJ0013,97326.73,100410.44,0.0,0.0,0.0,0.0,0.0
TK000123,PJ0014,0,0,9896.83,454.2,17768.15,17768.15,7871.32
TK000124,PJ0014,0,0,0.0,0.0,0.0,0.0,0.0
TK000125,PJ0014,1372726.8,1200620.77,0.0,0.0,0.0,0.0,0.0
TK000126,PJ0014,0,0,0.0,0.0,0.0,0.0,0.0
TK000127,PJ0014,0,0,0.0,0.0,0.0,0.0,0.0
TK000128,PJ0014,199200.46,199200.46,0.0,0.0,0.0,0.0,0.0
TK000129,PJ0015,130379.83,130379.83,0.0,0.0,0.0,0.0,0.0
TK000130,PJ0015,737160.06,737160.06,0.0,0.0,0.0,0.0,0.0
TK000131,PJ0015,7987746.25,7987746.25,0.0,0.0,0.0,0.0,0.0
TK000132,PJ0015,725107.05,823138.45,0.0,0.0,0.0,0.0,0.0
TK000133,PJ0015,103137.43,103137.43,0.0,0.0,0.0,0.0,0.0
TK000134,PJ0015,0,0,0.0,0.0,0.0,0.0,0.0
TK000135,PJ0015,6224732.79,6224732.79,0.0,0.0,0.0,0.0,0.0
TK000136,PJ0015,0,0,0.0,0.0,0.0,0.0,0.0
TK000137,PJ0015,0,0,0.0,0.0,0.0,0.0,0.0
TK000138,PJ0015,66290.2,66290.2,0.0,0.0,0.0,0.0,0.0
TK000139,PJ0016,0,0,10519.33,688.98,31836.18,31836.18,21316.85
TK000140,PJ0016,28922.02,28922.02,0.0,0.0,0.0,0.0,0.0
TK000141,PJ0016,0,0,6543.84,441.4,17588.37,17588.37,11044.53
TK000142,PJ0016,13616901.17,12319623.5,0.0,0.0,0.0,0.0,0.0
TK000143,PJ0016,0,0,0.0,0.0,0.0,0.0,0.0
TK000144,PJ0016,0,0,0.0,0.0,0.0,0.0,0.0
TK000145,PJ0016,722955.24,722955.24,164855.08,8787.67,856632.85,856632.85,691777.77
TK000146,PJ0016,1366282.88,1366282.88,0.0,0.0,0.0,0.0,0.0
TK000147,PJ0016,0,0,0.0,0.0,0.0,0.0,0.0
TK000148,PJ0016,2615094.9,2615094.9,553923.11,52412.94,3256155.12,3256155.12,2702232.01
TK000149,PJ0016,5163393.09,5163393.09,0.0,0.0,0.0,0.0,0.0
TK000150,PJ0016,0,0,0.0,0.0,0.0,0.0,0.0
TK000151,PJ0017,0,0,6851.11,639.37,26647.78,26647.78,19796.67
TK000152,PJ0017,616769.58,722866.22,175952.79,10092.08,571901.62,571901.62,395948.83
TK000153,PJ0017,8524200.07,8524200.07,0.0,0.0,0.0,0.0,0.0
TK000154,PJ0017,0,0,0.0,0.0,0.0,0.0,0.0
TK000155,PJ0017,0,0,0.0,0.0,0.0,0.0,0.0
TK000156,PJ0017,0,0,0.0,0.0,0.0,0.0,0.0
TK000157,PJ0017,0,0,0.0,0.0,0.0,0.0,0.0
TK000158,PJ0017,0,0,0.0,0.0,0.0,0.0,0.0
TK000159,PJ0017,0,0,0.0,0.0,0.0,0.0,0.0
TK000160,PJ0017,0,0,8661.52,355.52,30621.65,30621.65,21960.13
TK000161,PJ0017,0,0,0.0,0.0,0.0,0.0,0.0
TK000162,PJ0018,108597.16,108597.16,0.0,0.0,0.0,0.0,0.0
TK000163,PJ0018,0,0,0.0,0.0,0.0,0.0,0.0
TK000164,PJ0018,0,0,8540.78,598.93,44359.84,44359.84,35819.06
TK000165,PJ0018,0,0,136248.64,10493.66,510949.21,510949.21,374700.57
TK000166,PJ0018,0,0,0.0,0.0,0.0,0.0,0.0
TK000167,PJ0018,136667.31,147705.88,0.0,0.0,0.0,0.0,0.0
TK000168,PJ0018,0,0,0.0,0.0,0.0,0.0,0.0
TK000169,PJ0018,684283.03,734432.8,0.0,0.0,0.0,0.0,0.0
TK000170,PJ0018,0,0,0.0,0.0,0.0,0.0,0.0
TK000171,PJ0018,0,0,0.0,0.0,0.0,0.0,0.0
TK000172,PJ0018,0,0,166162.02,11548.17,519525.31,589942.17,423780.15
TK000173,PJ0019,0,0,0.0,0.0,0.0,0.0,0.0
TK000174,PJ0019,119745.27,119745.27,0.0,0.0,0.0,0.0,0.0
TK000175,PJ0019,0,0,42294.31,2716.62,185619.87,185619.87,143325.56
TK000176,PJ0019,0,0,0.0,0.0,0.0,0.0,0.0
TK000177,PJ0019,0,0,22310.53,1209.7,105945.35,105945.35,83634.82
TK000178,PJ0019,0,0,11989.13,1072.14,57448.11,67591.91,55602.78
TK000179,PJ0019,2908084.53,2908084.53,0.0,0.0,0.0,0.0,0.0
TK000180,PJ0019,0,0,0.0,0.0,0.0,0.0,0.0
TK000181,PJ0020,0,0,5728.18,443.42,12830.4,12830.4,7102.22
TK000182,PJ0020,687923.68,687923.68,0.0,0.0,0.0,0.0,0.0
TK000183,PJ0020,2142170.78,2275034.75,0.0,0.0,0.0,0.0,0.0
TK000184,PJ0020,0,0,1006061.25,98359.32,2241256.66,2241256.66,1235195.41
TK000185,PJ0020,0,0,0.0,0.0,0.0,0.0,0.0
TK000186,PJ0020,175999.09,175999.09,0.0,0.0,0.0,0.0,0.0
TK000187,PJ0020,0,0,9981.37,632.47,87598.75,87598.75,77617.38
TK000188,PJ0020,3260400.28,3866268.46,0.0,0.0,0.0,0.0,0.0
TK000189,PJ0020,0,0,0.0,0.0,0.0,0.0,0.0
TK000190,PJ0021,91295.44,91295.44,0.0,0.0,0.0,0.0,0.0
TK000191,PJ0021,618176.95,618176.95,0.0,0.0,0.0,0.0,0.0
TK000192,PJ0021,0,0,0.0,0.0,0.0,0.0,0.0
TK000193,PJ0021,0,0,0.0,0.0,0.0,0.0,0.0
TK000194,PJ0021,0,0,1067613.51,89662.72,3547001.11,4268717.18,3201103.67
TK000195,PJ0021,2336550.98,2336550.98,0.0,0.0,0.0,0.0,0.0
TK000196,PJ0021,2656667.36,2656667.36,0.0,0.0,0.0,0.0,0.0
TK000197,PJ0021,0,0,18869.91,902.14,56761.57,56761.57,37891.66
TK000198,PJ0022,0,0,2135.77,157.47,4012.69,4012.69,1876.92
TK000199,PJ0022,0,0,0.0,0.0,0.0,0.0,0.0
TK000200,PJ0022,0,0,0.0,0.0,0.0,0.0,0.0
TK000201,PJ0022,0,0,0.0,0.0,0.0,0.0,0.0
TK000202,PJ0022,0,0,0.0,0.0,0.0,0.0,0.0
TK000203,PJ0022,0,0,0.0,0.0,0.0,0.0,0.0
TK000204,PJ0022,126647.26,150319.04,28357.53,965.85,99851.01,99851.01,71493.48
TK000205,PJ0022,0,0,0.0,0.0,0.0,0.0,0.0
TK000206,PJ0022,167853.5,149442.87,0.0,0.0,0.0,0.0,0.0
TK000207,PJ0022,0,0,3973.59,181.83,23161.06,23161.06,19187.47
TK000208,PJ0022,142041.26,142041.26,0.0,0.0,0.0,0.0,0.0
TK000209,PJ0022,0,0,0.0,0.0,0.0,0.0,0.0
TK000210,PJ0022,0,0,0.0,0.0,0.0,0.0,0.0
TK000211,PJ0022,1073261.12,1073261.12,0.0,0.0,0.0,0.0,0.0
TK000212,PJ0023,0,0,0.0,0.0,0.0,0.0,0.0
TK000213,PJ0023,0,0,0.0,0.0,0.0,0.0,0.0
TK000214,PJ0023,2594284.82,2594284.82,499815.95,34247.85,1420022.42,1420022.42,920206.47
TK000215,PJ0023,0,0,11121.92,485.49,69538.07,69538.07,58416.15
TK000216,PJ0023,0,0,112635.32,8642.47,754187.32,940052.58,827417.26
TK000217,PJ0023,0,0,26855.38,1346.11,78014.12,78014.12,51158.74
TK000218,PJ0023,0,0,0.0,0.0,0.0,0.0,0.0
TK000219,PJ0023,0,0,0.0,0.0,0.0,0.0,0.0
TK000220,PJ0024,0,0,0.0,0.0,0.0,0.0,0.0
TK000221,PJ0024,699959.45,699959.45,0.0,0.0,0.0,0.0,0.0
TK000222,PJ0024,0,0,0.0,0.0,0.0,0.0,0.0
TK000223,PJ0024,749902.17,749902.17,0.0,0.0,0.0,0.0,0.0
TK000224,PJ0024,204634.64,204634.64,0.0,0.0,0.0,0.0,0.0
TK000225,PJ0024,0,0,0.0,0.0,0.0,0.0,0.0
TK000226,PJ0025,0,0,0.0,0.0,0.0,0.0,0.0
TK000227,PJ0025,763060.87,763060.87,0.0,0.0,0.0,0.0,0.0
TK000228,PJ0025,0,0,0.0,0.0,0.0,0.0,0.0
TK000229,PJ0025,0,0,0.0,0.0,0.0,0.0,0.0
TK000230,PJ0025,0,0,149302.98,12916.59,1034224.62,1176679.92,1027376.94
TK000231,PJ0025,2347843.67,2347843.67,0.0,0.0,0.0,0.0,0.0
TK000232,PJ0025,0,0,0.0,0.0,0.0,0.0,0.0
TK000233,PJ0025,0,0,0.0,0.0,0.0,0.0,0.0
TK000234,PJ0025,0,0,0.0,0.0,0.0,0.0,0.0
TK000235,PJ0026,0,0,0.0,0.0,0.0,0.0,0.0
TK000236,PJ0026,0,0,0.0,0.0,0.0,0.0,0.0
TK000237,PJ0026,1442161.47,1442161.47,0.0,0.0,0.0,0.0,0.0
TK000238,PJ0026,0,0,0.0,0.0,0.0,0.0,0.0
TK000239,PJ0026,0,0,0.0,0.0,0.0,0.0,0.0
TK000240,PJ0026,2952570.63,2952570.63,0.0,0.0,0.0,0.0,0.0
TK000241,PJ0026,2663692.56,2663692.56,0.0,0.0,0.0,0.0,0.0
TK000242,PJ0026,0,0,0.0,0.0,0.0,0.0,0.0
TK000243,PJ0026,10050835.85,10050835.85,0.0,0.0,0.0,0.0,0.0
TK000244,PJ0026,0,0,0.0,0.0,0.0,0.0,0.0
TK000245,PJ0027,0,0,8545.41,711.11,17327.99,17327.99,8782.58
TK000246,PJ0027,176168.84,176168.84,5426.62,147.61,43642.1,53452.83,48026.21
TK000247,PJ0027,0,0,0.0,0.0,0.0,0.0,0.0
TK000248,PJ0027,1361424.69,1361424.69,0.0,0.0,0.0,0.0,0.0
TK000249,PJ0027,0,0,0.0,0.0,0.0,0.0,0.0
TK000250,PJ0027,208253.0,208253.0,0.0,0.0,0.0,0.0,0.0
TK000251,PJ0027,0,0,0.0,0.0,0.0,0.0,0.0
TK000252,PJ0027,2304012.22,2304012.22,0.0,0.0,0.0,0.0,0.0
TK000253,PJ0028,145289.46,145289.46,11122.78,794.72,45521.67,45521.67,34398.89
TK000254,PJ0028,0,0,0.0,0.0,0.0,0.0,0.0
TK000255,PJ0028,0,0,7233.76,465.83,46473.07,46473.07,39239.31
TK000256,PJ0028,2005810.23,2005810.23,0.0,0.0,0.0,0.0,0.0
TK000257,PJ0028,0,0,4887.66,398.93,16121.33,16121.33,11233.67
TK000258,PJ0028,0,0,2711612.98,86621.71,6354895.16,6354895.16,3643282.18
TK000259,PJ0029,0,0,407.58,34.9,1874.57,1874.57,1466.99
TK000260,PJ0029,0,0,0.0,0.0,0.0,0.0,0.0
TK000261,PJ0029,0,0,0.0,0.0,0.0,0.0,0.0
TK000262,PJ0029,0,0,104963.52,3121.2,183003.92,183003.92,78040.4
TK000263,PJ0029,0,0,1264259.05,37216.41,2361898.04,2361898.04,1097638.99
TK000264,PJ0029,0,0,0.0,0.0,0.0,0.0,0.0
TK000265,PJ0029,0,0,0.0,0.0,0.0,0.0,0.0
TK000266,PJ0029,2339675.15,2339675.15,437428.38,24331.78,2461414.37,2801957.89,2364529.51
TK000267,PJ0029,706844.62,706844.62,296994.61,15981.11,786534.95,786534.95,489540.34
TK000268,PJ0030,0,0,1572.61,126.01,8563.18,8563.18,6990.57
TK000269,PJ0030,281418.42,281418.42,0.0,0.0,0.0,0.0,0.0
TK000270,PJ0030,2919031.69,2919031.69,0.0,0.0,0.0,0.0,0.0
TK000271,PJ0030,129297.39,129297.39,0.0,0.0,0.0,0.0,0.0
TK000272,PJ0030,0,0,13871.85,391.59,43367.0,43367.0,29495.15
TK000273,PJ0030,132409.14,113078.86,12101.17,313.43,54751.5,54751.5,42650.33
TK000274,PJ0030,0,0,8410.22,362.7,26161.75,26161.75,17751.53
TK000275,PJ0030,0,0,47421.13,3412.96,119459.84,130916.57,83495.44
TK000276,PJ0030,10072956.59,9067670.24,1661150.84,98559.51,5666507.53,5666507.53,4005356.69
TK000277,PJ0030,12350279.79,12350279.79,1146722.06,69783.42,3450277.67,4474867.33,3328145.27
TK000278,PJ0030,38507.82,38507.82,0.0,0.0,0.0,0.0,0.0
TK000279,PJ0030,8792641.82,8792641.82,0.0,0.0,0.0,0.0,0.0
TK000280,PJ0030,0,0,0.0,0.0,0.0,0.0,0.0
TK000281,PJ0031,0,0,0.0,0.0,0.0,0.0,0.0
TK000282,PJ0031,0,0,0.0,0.0,0.0,0.0,0.0
TK000283,PJ0031,0,0,0.0,0.0,0.0,0.0,0.0
TK000284,PJ0031,8926186.31,8926186.31,1007649.07,45552.81,4958089.99,4958089.99,3950440.92
TK000285,PJ0031,0,0,0.0,0.0,0.0,0.0,0.0
TK000286,PJ0031,1863770.39,1863770.39,438735.36,26931.07,1228079.44,1228079.44,789344.08
TK000287,PJ0031,0,0,0.0,0.0,0.0,0.0,0.0
TK000288,PJ0031,0,0,0.0,0.0,0.0,0.0,0.0
TK000289,PJ0032,104527.51,104527.51,16936.47,344.4,81268.83,81268.83,64332.36
TK000290,PJ0032,239306.56,239599.18,32473.7,1964.47,150418.3,150418.3,117944.6
TK000291,PJ0032,0,0,89181.77,7211.43,313515.85,313515.85,224334.08
TK000292,PJ0032,0,0,0.0,0.0,0.0,0.0,0.0
TK000293,PJ0032,0,0,897.75,77.77,3947.38,3947.38,3049.63
TK000294,PJ0032,0,0,0.0,0.0,0.0,0.0,0.0
TK000295,PJ0032,47794.83,47794.83,19685.94,444.0,62067.56,62067.56,42381.62
TK000296,PJ0032,0,0,0.0,0.0,0.0,0.0,0.0
TK000297,PJ0032,0,0,48167.88,4375.06,195765.13,195765.13,147597.25
TK000298,PJ0032,785083.18,785083.18,156926.07,11649.96,919678.58,919678.58,762752.51
TK000299,PJ0032,0,0,20326.9,462.77,67373.37,67373.37,47046.47
TK000300,PJ0032,0,0,0.0,0.0,0.0,0.0,0.0
TK000301,PJ0032,2099551.82,2099551.82,0.0,0.0,0.0,0.0,0.0
TK000302,PJ0033,96709.42,101511.92,0.0,0.0,0.0,0.0,0.0
TK000303,PJ0033,0,0,0.0,0.0,0.0,0.0,0.0
TK000304,PJ0033,0,0,0.0,0.0,0.0,0.0,0.0
TK000305,PJ0033,175383.54,175383.54,0.0,0.0,0.0,0.0,0.0
TK000306,PJ0033,0,0,0.0,0.0,0.0,0.0,0.0
TK000307,PJ0033,5343241.52,5343241.52,0.0,0.0,0.0,0.0,0.0
TK000308,PJ0033,0,0,0.0,0.0,0.0,0.0,0.0
TK000309,PJ0033,292163.43,292163.43,69064.21,2314.79,179382.91,179382.91,110318.7
TK000310,PJ0033,2154279.72,2500724.97,0.0,0.0,0.0,0.0,0.0
TK000311,PJ0033,44787.14,44787.14,0.0,0.0,0.0,0.0,0.0
TK000312,PJ0034,0,0,10362.51,838.36,42181.09,42181.09,31818.58
TK000313,PJ0034,0,0,0.0,0.0,0.0,0.0,0.0
TK000314,PJ0034,0,0,0.0,0.0,0.0,0.0,0.0
TK000315,PJ0034,0,0,0.0,0.0,0.0,0.0,0.0
TK000316,PJ0034,0,0,0.0,0.0,0.0,0.0,0.0
TK000317,PJ0034,106775.44,106775.44,0.0,0.0,0.0,0.0,0.0
TK000318,PJ0034,2197569.61,2197569.61,185243.76,11874.05,666706.37,666706.37,481462.61
TK000319,PJ0034,350926.23,350926.23,0.0,0.0,0.0,0.0,0.0
TK000320,PJ0034,413993.28,413993.28,109598.86,10010.24,456237.4,456237.4,346638.54
TK000321,PJ0035,64737.21,64737.21,14832.78,567.91,71095.81,71095.81,56263.03
TK000322,PJ0035,0,0,0.0,0.0,0.0,0.0,0.0
TK000323,PJ0035,455827.64,455827.64,0.0,0.0,0.0,0.0,0.0
TK000324,PJ0035,0,0,0.0,0.0,0.0,0.0,0.0
TK000325,PJ0035,264101.89,264101.89,0.0,0.0,0.0,0.0,0.0
TK000326,PJ0035,305978.62,305978.62,0.0,0.0,0.0,0.0,0.0
TK000327,PJ0036,0,0,0.0,0.0,0.0,0.0,0.0
TK000328,PJ0036,390983.15,347375.13,39098.54,3404.03,123021.36,123021.36,83922.82
TK000329,PJ0036,341839.42,341839.42,101508.14,4887.6,284996.4,284996.4,183488.26
TK000330,PJ0036,0,0,0.0,0.0,0.0,0.0,0.0
TK000331,PJ0036,101939.05,117196.13,36096.63,3028.89,128226.8,161866.6,125769.97
TK000332,PJ0036,7715882.08,7715882.08,2007907.54,138987.38,6236853.72,6236853.72,4228946.18
TK000333,PJ0036,177476.74,177476.74,"11,107.96",452.7,71089.32,78257.4,67149.44
TK000334,PJ0036,145130.31,145130.31,0.0,0.0,0.0,0.0,0.0
TK000335,PJ0036,0,0,0.0,0.0,0.0,0.0,0.0
TK000336,PJ0036,2773464.2,3057979.23,0.0,0.0,0.0,0.0,0.0
TK000337,PJ0036,0,0,0.0,0.0,0.0,0.0,0.0
TK000338,PJ0036,825025.75,825025.75,0.0,0.0,0.0,0.0,0.0
TK000339,PJ0037,122906.39,122906.39,52389.58,1846.82,142632.9,158605.8,106216.22
TK000340,PJ0037,790078.12,790078.12,0.0,0.0,0.0,0.0,0.0
TK000341,PJ0037,0,0,0.0,0.0,0.0,0.0,0.0
TK000342,PJ0037,0,0,0.0,0.0,0.0,0.0,0.0
TK000343,PJ0037,0,0,169153.57,12489.62,839156.55,839156.55,670002.98
TK000344,PJ0037,0,0,0.0,0.0,0.0,0.0,0.0
TK000345,PJ0037,0,0,0.0,0.0,0.0,0.0,0.0
TK000346,PJ0037,0,0,529018.26,24910.91,2712231.29,2712231.29,2183213.03
TK000347,PJ0037,0,0,0.0,0.0,0.0,0.0,0.0
TK000348,PJ0037,725146.74,725146.74,0.0,0.0,0.0,0.0,0.0
TK000349,PJ0038,65675.02,65675.02,4793.14,318.59,22876.4,22876.4,18083.26
TK000350,PJ0038,0,0,27642.96,2236.56,121717.13,121717.13,94074.17
TK000351,PJ0038,961528.53,961528.53,0.0,0.0,0.0,0.0,0.0
TK000352,PJ0038,0,0,0.0,0.0,0.0,0.0,0.0
TK000353,PJ0038,0,0,0.0,0.0,0.0,0.0,0.0
TK000354,PJ0038,0,0,0.0,0.0,0.0,0.0,0.0
TK000355,PJ0038,819091.48,945337.14,90425.18,4132.16,186618.04,186618.04,96192.86
TK000356,PJ0038,8416209.72,8416209.72,0.0,0.0,0.0,0.0,0.0
TK000357,PJ0038,0,0,36782.21,1457.29,171792.06,171792.06,135009.85
TK000358,PJ0038,0,0,576279.63,21007.37,1860452.13,1860452.13,1284172.5
TK000359,PJ0038,10555554.4,10555554.4,0.0,0.0,0.0,0.0,0.0
TK000360,PJ0038,0,0,0.0,0.0,0.0,0.0,0.0
TK000361,PJ0038,1761611.43,1761611.43,0.0,0.0,0.0,0.0,0.0
TK000362,PJ0039,0,0,0.0,0.0,0.0,0.0,0.0
TK000363,PJ0039,492219.24,492219.24,0.0,0.0,0.0,0.0,0.0
TK000364,PJ0039,0,0,0.0,0.0,0.0,0.0,0.0
TK000365,PJ0039,0,0,0.0,0.0,0.0,0.0,0.0
TK000366,PJ0039,14810363.02,14810363.02,0.0,0.0,0.0,0.0,0.0
TK000367,PJ0039,1113637.51,1113637.51,342101.1,14284.72,1008222.72,1008222.72,666121.62
TK000368,PJ0039,6647540.64,6647540.64,0.0,0.0,0.0,0.0,0.0
TK000369,PJ0039,0,0,0.0,0.0,0.0,0.0,0.0
TK000370,PJ0039,0,0,0.0,0.0,0.0,0.0,0.0
TK000371,PJ0039,15224.77,15224.77,0.0,0.0,0.0,0.0,0.0
TK000372,PJ0039,196458.07,196458.07,0.0,0.0,0.0,0.0,0.0
TK000373,PJ0039,0,0,0.0,0.0,0.0,0.0,0.0
TK000374,PJ0039,0,0,0.0,0.0,0.0,0.0,0.0
TK000375,PJ0039,3659828.21,3659828.21,0.0,0.0,0.0,0.0,0.0
TK000376,PJ0040,78662.68,78662.68,0.0,0.0,0.0,0.0,0.0
TK000377,PJ0040,111231.53,111231.53,0.0,0.0,0.0,0.0,0.0
TK000378,PJ0040,0,0,0.0,0.0,0.0,0.0,0.0
TK000379,PJ0040,0,0,529876.54,16230.71,2373848.12,2373848.12,1843971.58
TK000380,PJ0040,9083188.49,9083188.49,2874823.22,218171.25,11135839.91,11135839.91,8261016.69
TK000381,PJ0040,8071027.06,8071027.06,0.0,0.0,0.0,0.0,0.0
TK000382,PJ0040,1127028.37,1127028.37,0.0,0.0,0.0,0.0,0.0
TK000383,PJ0040,0,0,33917.34,1679.27,88809.94,88809.94,54892.6
TK000384,PJ0041,113643.91,113643.91,31914.85,1311.07,69617.68,69617.68,37702.83
TK000385,PJ0041,380058.84,380058.84,52704.52,3111.3,225204.92,225204.92,172500.4
TK000386,PJ0041,1182298.86,1182298.86,0.0,0.0,0.0,0.0,0.0
TK000387,PJ0041,0,0,0.0,0.0,0.0,0.0,0.0
TK000388,PJ0041,10534553.7,10534553.7,0.0,0.0,0.0,0.0,0.0
TK000389,PJ0041,0,0,0.0,0.0,0.0,0.0,0.0
TK000390,PJ0041,49298.08,49298.08,0.0,0.0,0.0,0.0,0.0
TK000391,PJ0041,0,0,0.0,0.0,0.0,0.0,0.0
TK000392,PJ0041,0,0,196.62,18.56,561.75,561.75,365.13
TK000393,PJ0042,0,0,7714.77,435.82,20758.6,20758.6,13043.83
TK000394,PJ0042,301608.78,345125.41,26317.58,662.12,196808.17,196808.17,170490.59
TK000395,PJ0042,0,0,0.0,0.0,0.0,0.0,0.0
TK000396,PJ0042,0,0,57716.14,3136.33,123805.89,123805.89,66089.75
TK000397,PJ0042,0,0,3205.74,279.54,21574.1,24641.48,21435.74
TK000398,PJ0042,76963.24,76963.24,5012.96,206.57,28114.48,28114.48,23101.52
TK000399,PJ0042,0,0,0.0,0.0,0.0,0.0,0.0
TK000400,PJ0042,0,0,0.0,0.0,0.0,0.0,0.0
TK000401,PJ0042,0,0,0.0,0.0,0.0,0.0,0.0
TK000402,PJ0042,0,0,0.0,0.0,0.0,0.0,0.0
TK000403,PJ0043,0,0,3309.97,160.45,16634.6,16634.6,13324.63
TK000404,PJ0043,0,0,0.0,0.0,0.0,0.0,0.0
TK000405,PJ0043,713584.03,713584.03,0.0,0.0,0.0,0.0,0.0
TK000406,PJ0043,1263508.57,1263508.57,0.0,0.0,0.0,0.0,0.0
TK000407,PJ0043,0,0,0.0,0.0,0.0,0.0,0.0
TK000408,PJ0043,0,0,94762.39,4924.71,443683.69,443683.69,348921.3
TK000409,PJ0043,0,0,0.0,0.0,0.0,0.0,0.0
TK000410,PJ0043,0,0,0.0,0.0,0.0,0.0,0.0
TK000411,PJ0044,0,0,0.0,0.0,0.0,0.0,0.0
TK000412,PJ0044,0,0,0.0,0.0,0.0,0.0,0.0
TK000413,PJ0044,0,0,0.0,0.0,0.0,0.0,0.0
TK000414,PJ0044,0,0,0.0,0.0,0.0,0.0,0.0
TK000415,PJ0044,0,0,693418.43,19733.13,3046282.78,3313625.41,2620206.98
TK000416,PJ0044,587383.63,587383.63,137658.6,5298.08,551035.77,551035.77,413377.17
TK000417,PJ0044,0,0,0.0,0.0,0.0,0.0,0.0
TK000418,PJ0044,1012502.38,1012502.38,0.0,0.0,0.0,0.0,0.0
TK000419,PJ0044,259393.3,266116.69,82898.52,2663.99,213641.76,213641.76,130743.24
TK000420,PJ0044,0,0,0.0,0.0,0.0,0.0,0.0
TK000421,PJ0044,373690.75,373690.75,86046.61,5958.07,152812.85,152812.85,66766.24
TK000422,PJ0044,28852.17,28852.17,7088.98,325.6,34493.18,34493.18,27404.2
TK000423,PJ0045,131748.19,139185.77,0.0,0.0,0.0,0.0,0.0
TK000424,PJ0045,551717.02,551717.02,0.0,0.0,0.0,0.0,0.0
TK000425,PJ0045,2088281.29,2088281.29,590457.32,22007.2,1585913.46,1585913.46,995456.14
TK000426,PJ0045,480860.61,480860.61,0.0,0.0,0.0,0.0,0.0
TK000427,PJ0045,0,0,0.0,0.0,0.0,0.0,0.0
TK000428,PJ0045,0,0,0.0,0.0,0.0,0.0,0.0
TK000429,PJ0045,0,0,0.0,0.0,0.0,0.0,0.0
TK000430,PJ0046,0,0,13773.51,1099.07,41511.21,41511.21,27737.7
TK000431,PJ0046,0,0,0.0,0.0,0.0,0.0,0.0
TK000432,PJ0046,0,0,756945.94,36990.01,2001993.46,2001993.46,1245047.52
TK000433,PJ0046,0,0,0.0,0.0,0.0,0.0,0.0
TK000434,PJ0046,0,0,0.0,0.0,0.0,0.0,0.0
TK000435,PJ0046,5159391.59,6117411.61,0.0,0.0,0.0,0.0,0.0
TK000436,PJ0046,156663.03,156663.03,0.0,0.0,0.0,0.0,0.0
TK000437,PJ0046,0,0,0.0,0.0,0.0,0.0,0.0
TK000438,PJ0046,0,0,0.0,0.0,0.0,0.0,0.0
TK000439,PJ0047,61671.55,61671.55,0.0,0.0,0.0,0.0,0.0
TK000440,PJ0047,0,0,14746.58,780.68,53415.85,53415.85,38669.27
TK000441,PJ0047,0,0,0.0,0.0,0.0,0.0,0.0
TK000442,PJ0047,236325.33,236325.33,37990.84,2293.11,124566.67,124566.67,86575.83
TK000443,PJ0047,0,0,255.24,17.77,1155.78,1155.78,900.54
TK000444,PJ0047,2320695.2,2320695.2,257974.52,15825.06,916539.05,916539.05,658564.53
TK000445,PJ0048,58186.5,58186.5,22211.26,1391.71,45947.79,45947.79,23736.53
TK000446,PJ0048,0,0,0.0,0.0,0.0,0.0,0.0
TK000447,PJ0048,1300564.27,1300564.27,0.0,0.0,0.0,0.0,0.0
TK000448,PJ0048,2513245.95,2513245.95,0.0,0.0,0.0,0.0,0.0
TK000449,PJ0048,10981049.85,10981049.85,2314382.79,190828.63,9693393.43,9693393.43,7379010.64
TK000450,PJ0048,0,0,0.0,0.0,0.0,0.0,0.0
TK000451,PJ0048,0,0,140774.08,8086.07,1109563.63,1364573.63,1223799.55
TK000452,PJ0049,0,0,0.0,0.0,0.0,0.0,0.0
TK000453,PJ0049,608893.89,608893.89,0.0,0.0,0.0,0.0,0.0
TK000454,PJ0049,86690.27,89773.71,0.0,0.0,0.0,0.0,0.0
TK000455,PJ0049,160034.58,191398.4,0.0,0.0,0.0,0.0,0.0
TK000456,PJ0049,0,0,0.0,0.0,0.0,0.0,0.0
TK000457,PJ0049,0,0,28350.13,1116.67,122607.88,122607.88,94257.75
TK000458,PJ0049,0,0,0.0,0.0,0.0,0.0,0.0
TK000459,PJ0049,0,0,0.0,0.0,0.0,0.0,0.0
TK000460,PJ0050,0,0,127.03,7.55,1057.76,1205.23,1078.2
TK000461,PJ0050,0,0,0.0,0.0,0.0,0.0,0.0
TK000462,PJ0050,0,0,11521.69,1018.87,74689.03,74689.03,63167.34
TK000463,PJ0050,1002949.93,1002949.93,161036.78,15732.89,496057.83,496057.83,335021.05
TK000464,PJ0050,20302.2,20302.2,1881.47,136.53,5593.52,5593.52,3712.05
TK000465,PJ0050,0,0,0.0,0.0,0.0,0.0,0.0
TK000466,PJ0050,2952911.82,2952911.82,0.0,0.0,0.0,0.0,0.0
TK000467,PJ0050,11078980.71,11294746.77,6639721.67,487567.09,11955945.6,11955945.6,5316223.93
TK000468,PJ0051,0,0,0.0,0.0,0.0,0.0,0.0
TK000469,PJ0051,449371.24,449371.24,120463.27,9108.49,576565.76,576565.76,456102.49
TK000470,PJ0051,0,0,0.0,0.0,0.0,0.0,0.0
TK000471,PJ0051,0,0,0.0,0.0,0.0,0.0,0.0
TK000472,PJ0051,2816326.84,3326987.78,0.0,0.0,0.0,0.0,0.0
TK000473,PJ0051,120263.78,120263.78,0.0,0.0,0.0,0.0,0.0
TK000474,PJ0051,0,0,16581.96,858.77,79386.41,79386.41,62804.45
TK000475,PJ0051,0,0,0.0,0.0,0.0,0.0,0.0
TK000476,PJ0051,0,0,20235.37,1449.67,69784.8,69784.8,49549.43
TK000477,PJ0051,0,0,0.0,0.0,0.0,0.0,0.0
TK000478,PJ0051,93292.05,93292.05,21613.29,1178.65,116253.51,116253.51,94640.22
TK000479,PJ0052,0,0,1617.18,116.9,5416.32,6397.47,4780.29
TK000480,PJ0052,285303.53,297083.22,49655.17,2300.97,143455.04,143455.04,93799.87
TK000481,PJ0052,1414407.87,1414407.87,100633.75,9627.4,730545.8,730545.8,629912.05
TK000482,PJ0052,2674294.37,2674294.37,0.0,0.0,0.0,0.0,0.0
TK000483,PJ0052,0,0,51117.1,3962.98,286681.19,286681.19,235564.09
TK000484,PJ0052,3505403.13,3505403.13,0.0,0.0,0.0,0.0,0.0
TK000485,PJ0052,0,0,0.0,0.0,0.0,0.0,0.0
TK000486,PJ0052,0,0,58993.55,4951.98,363701.5,363701.5,304707.95
