TaskID,ProjectID,P01,P02,P03,P04,P05,P06,P07,P08,P09,P10,P11,P12,P13
TK000001,PJ0001,0.0,0.0,0.0,0.0,0.0,0.0,0.0,0.0,0.0,0.0,0.0,0.0,0.0
TK000002,PJ0001,0.0,0.0,0.0,0.0,0.0,0.0,0.0,0.0,0.0,0.0,0.0,0.0,0.0
TK000003,PJ0001,0.0,0.0,0.0,0.0,0.0,0.0,0.0,0.0,0.0,0.0,0.0,0.0,0.0
TK000004,PJ0001,15270.72,19633.78,23996.84,28359.91,32722.97,37086.03,41449.09,45812.15,50175.22,54538.28,58901.34,63264.4,67627.47
TK000005,PJ0001,0.0,0.0,0.0,0.0,0.0,0.0,0.0,0.0,0.0,0.0,0.0,0.0,0.0
TK000006,PJ0001,0.0,0.0,0.0,0.0,0.0,0.0,0.0,0.0,0.0,0.0,0.0,0.0,0.0
TK000007,PJ0001,121351.68,156023.59,190695.5,225367.41,260039.32,294711.23,329383.14,364055.05,398726.95,433398.86,468070.77,502742.68,537414.59
TK000008,PJ0001,14583.91,18750.74,22917.57,27084.4,31251.23,35418.06,39584.89,43751.72,47918.55,52085.38,56252.21,60419.04,64585.89
TK000009,PJ0002,0.0,0.0,0.0,0.0,0.0,0.0,0.0,0.0,0.0,0.0,0.0,0.0,0.0
TK000010,PJ0002,70142.74,65543.22,60943.7,56344.17,51744.65,47145.12,42545.6,37946.07,33346.55,28747.03,24147.5,19547.98,14948.46
TK000011,PJ0002,0.0,0.0,0.0,0.0,0.0,0.0,0.0,0.0,0.0,0.0,0.0,0.0,0.0
TK000012,PJ0002,0.0,0.0,0.0,0.0,0.0,0.0,0.0,0.0,0.0,0.0,0.0,0.0,0.0
TK000013,PJ0002,0.0,0.0,0.0,0.0,0.0,0.0,0.0,0.0,0.0,0.0,0.0,0.0,0.0
TK000014,PJ0002,1071.93,1378.2,1684.47,1990.73,2297.0,2603.27,2909.54,3215.8,3522.07,3828.34,4134.6,4440.87,4747.14
TK000015,PJ0002,0.0,0.0,0.0,0.0,0.0,0.0,0.0,0.0,0.0,0.0,0.0,0.0,0.0
TK000016,PJ0002,0.0,0.0,0.0,0.0,0.0,0.0,0.0,0.0,0.0,0.0,0.0,0.0,0.0
TK000017,PJ0002,0.0,0.0,0.0,0.0,0.0,0.0,0.0,0.0,0.0,0.0,0.0,0.0,0.0
TK000018,PJ0003,0.0,0.0,0.0,0.0,0.0,0.0,0.0,0.0,0.0,0.0,0.0,0.0,0.0
TK000019,PJ0003,0.0,0.0,0.0,0.0,0.0,0.0,0.0,0.0,0.0,0.0,0.0,0.0,0.0
TK000020,PJ0003,175.52,279.24,382.96,486.68,590.4,694.11,797.83,694.11,590.4,486.68,382.96,279.24,175.53
TK000021,PJ0003,0.0,0.0,0.0,0.0,0.0,0.0,0.0,0.0,0.0,0.0,0.0,0.0,0.0
TK000022,PJ0003,0.0,0.0,0.0,0.0,0.0,0.0,0.0,0.0,0.0,0.0,0.0,0.0,0.0
TK000023,PJ0003,0.0,0.0,0.0,0.0,0.0,0.0,0.0,0.0,0.0,0.0,0.0,0.0,0.0
TK000024,PJ0003,0.0,0.0,0.0,0.0,0.0,0.0,0.0,0.0,0.0,0.0,0.0,0.0,0.0
TK000025,PJ0003,0.0,0.0,0.0,0.0,0.0,0.0,0.0,0.0,0.0,0.0,0.0,0.0,0.0
TK000026,PJ0003,0.0,0.0,0.0,0.0,0.0,0.0,0.0,0.0,0.0,0.0,0.0,0.0,0.0
TK000027,PJ0003,0.0,0.0,0.0,0.0,0.0,0.0,0.0,0.0,0.0,0.0,0.0,0.0,0.0
TK000028,PJ0003,0.0,0.0,0.0,0.0,0.0,0.0,0.0,0.0,0.0,0.0,0.0,0.0,0.0
TK000029,PJ0003,0.0,0.0,0.0,0.0,0.0,0.0,0.0,0.0,0.0,0.0,0.0,0.0,0.0
TK000030,PJ0003,0.0,0.0,0.0,0.0,0.0,0.0,0.0,0.0,0.0,0.0,0.0,0.0,0.0
TK000031,PJ0004,7725.46,7218.88,6712.29,6205.7,5699.11,5192.53,4685.94,4179.35,3672.76,3166.17,2659.59,2153.0,1646.41
TK000032,PJ0004,0.0,0.0,0.0,0.0,0.0,0.0,0.0,0.0,0.0,0.0,0.0,0.0,0.0
TK000033,PJ0004,0.0,0.0,0.0,0.0,0.0,0.0,0.0,0.0,0.0,0.0,0.0,0.0,0.0
TK000034,PJ0004,0.0,0.0,0.0,0.0,0.0,0.0,0.0,0.0,0.0,0.0,0.0,0.0,0.0
TK000035,PJ0004,14611.4,18786.08,22960.77,27135.45,31310.14,35484.82,39659.51,43834.19,48008.87,52183.56,56358.24,60532.93,64707.61
TK000036,PJ0004,0.0,0.0,0.0,0.0,0.0,0.0,0.0,0.0,0.0,0.0,0.0,0.0,0.0
TK000037,PJ0004,0.0,0.0,0.0,0.0,0.0,0.0,0.0,0.0,0.0,0.0,0.0,0.0,0.0
TK000038,PJ0004,1737.05,1623.15,1509.24,1395.34,1281.43,1167.53,1053.62,939.72,825.81,711.91,598.0,484.1,370.17
TK000039,PJ0005,0.0,0.0,0.0,0.0,0.0,0.0,0.0,0.0,0.0,0.0,0.0,0.0,0.0
TK000040,PJ0005,0.0,0.0,0.0,0.0,0.0,0.0,0.0,0.0,0.0,0.0,0.0,0.0,0.0
TK000041,PJ0005,0.0,0.0,0.0,0.0,0.0,0.0,0.0,0.0,0.0,0.0,0.0,0.0,0.0
TK000042,PJ0005,0.0,0.0,0.0,0.0,0.0,0.0,0.0,0.0,0.0,0.0,0.0,0.0,0.0
TK000043,PJ0005,0.0,0.0,0.0,0.0,0.0,0.0,0.0,0.0,0.0,0.0,0.0,0.0,0.0
TK000044,PJ0005,0.0,0.0,0.0,0.0,0.0,0.0,0.0,0.0,0.0,0.0,0.0,0.0,0.0
TK000045,PJ0005,0.0,0.0,0.0,0.0,0.0,0.0,0.0,0.0,0.0,0.0,0.0,0.0,0.0
TK000046,PJ0005,0.0,0.0,0.0,0.0,0.0,0.0,0.0,0.0,0.0,0.0,0.0,0.0,0.0
TK000047,PJ0006,1248.26,1248.26,1248.26,1248.26,1248.26,1248.26,1248.26,1248.26,1248.26,1248.26,1248.26,1248.26,1248.29
TK000048,PJ0006,0.0,0.0,0.0,0.0,0.0,0.0,0.0,0.0,0.0,0.0,0.0,0.0,0.0
TK000049,PJ0006,321552.44,321552.44,321552.44,321552.44,321552.44,321552.44,321552.44,321552.44,321552.44,321552.44,321552.44,321552.44,321552.48
TK000050,PJ0006,0.0,0.0,0.0,0.0,0.0,0.0,0.0,0.0,0.0,0.0,0.0,0.0,0.0
TK000051,PJ0006,0.0,0.0,0.0,0.0,0.0,0.0,0.0,0.0,0.0,0.0,0.0,0.0,0.0
TK000052,PJ0006,0.0,0.0,0.0,0.0,0.0,0.0,0.0,0.0,0.0,0.0,0.0,0.0,0.0
TK000053,PJ0006,0.0,0.0,0.0,0.0,0.0,0.0,0.0,0.0,0.0,0.0,0.0,0.0,0.0
TK000054,PJ0006,0.0,0.0,0.0,0.0,0.0,0.0,0.0,0.0,0.0,0.0,0.0,0.0,0.0
TK000055,PJ0006,0.0,0.0,0.0,0.0,0.0,0.0,0.0,0.0,0.0,0.0,0.0,0.0,0.0
TK000056,PJ0006,0.0,0.0,0.0,0.0,0.0,0.0,0.0,0.0,0.0,0.0,0.0,0.0,0.0
TK000057,PJ0007,0.0,0.0,0.0,0.0,0.0,0.0,0.0,0.0,0.0,0.0,0.0,0.0,0.0
TK000058,PJ0007,9671.54,9671.54,9671.54,9671.54,9671.54,9671.54,9671.54,9671.54,9671.54,9671.54,9671.54,9671.54,9671.48
TK000059,PJ0007,0.0,0.0,0.0,0.0,0.0,0.0,0.0,0.0,0.0,0.0,0.0,0.0,0.0
TK000060,PJ0007,0.0,0.0,0.0,0.0,0.0,0.0,0.0,0.0,0.0,0.0,0.0,0.0,0.0
TK000061,PJ0007,0.0,0.0,0.0,0.0,0.0,0.0,0.0,0.0,0.0,0.0,0.0,0.0,0.0
TK000062,PJ0007,0.0,0.0,0.0,0.0,0.0,0.0,0.0,0.0,0.0,0.0,0.0,0.0,0.0
TK000063,PJ0007,0.0,0.0,0.0,0.0,0.0,0.0,0.0,0.0,0.0,0.0,0.0,0.0,0.0
TK000064,PJ0007,0.0,0.0,0.0,0.0,0.0,0.0,0.0,0.0,0.0,0.0,0.0,0.0,0.0
TK000065,PJ0007,19483.58,19483.58,19483.58,19483.58,19483.58,19483.58,19483.58,19483.58,19483.58,19483.58,19483.58,19483.58,19483.54
TK000066,PJ0007,0.0,0.0,0.0,0.0,0.0,0.0,0.0,0.0,0.0,0.0,0.0,0.0,0.0
TK000067,PJ0007,0.0,0.0,0.0,0.0,0.0,0.0,0.0,0.0,0.0,0.0,0.0,0.0,0.0
TK000068,PJ0007,0.0,0.0,0.0,0.0,0.0,0.0,0.0,0.0,0.0,0.0,0.0,0.0,0.0
TK000069,PJ0007,0.0,0.0,0.0,0.0,0.0,0.0,0.0,0.0,0.0,0.0,0.0,0.0,0.0
TK000070,PJ0008,0.0,0.0,0.0,0.0,0.0,0.0,0.0,0.0,0.0,0.0,0.0,0.0,0.0
TK000071,PJ0008,0.0,0.0,0.0,0.0,0.0,0.0,0.0,0.0,0.0,0.0,0.0,0.0,0.0
TK000072,PJ0008,0.0,0.0,0.0,0.0,0.0,0.0,0.0,0.0,0.0,0.0,0.0,0.0,0.0
TK000073,PJ0008,0.0,0.0,0.0,0.0,0.0,0.0,0.0,0.0,0.0,0.0,0.0,0.0,0.0
TK000074,PJ0008,0.0,0.0,0.0,0.0,0.0,0.0,0.0,0.0,0.0,0.0,0.0,0.0,0.0
TK000075,PJ0008,65968.72,61642.9,57317.09,52991.27,48665.45,44339.63,40013.82,35688.0,31362.18,27036.36,22710.54,18384.73,14058.91
TK000076,PJ0008,2418.79,3848.07,5277.35,6706.63,8135.92,9565.2,10994.48,9565.2,8135.92,6706.63,5277.35,3848.07,2418.79
TK000077,PJ0009,0.0,0.0,0.0,0.0,0.0,0.0,0.0,0.0,0.0,0.0,0.0,0.0,0.0
TK000078,PJ0009,0.0,0.0,0.0,0.0,0.0,0.0,0.0,0.0,0.0,0.0,0.0,0.0,0.0
TK000079,PJ0009,0.0,0.0,0.0,0.0,0.0,0.0,0.0,0.0,0.0,0.0,0.0,0.0,0.0
TK000080,PJ0009,3097.1,4927.21,6757.31,8587.42,10417.53,12247.63,14077.74,12247.63,10417.53,8587.42,6757.31,4927.21,3097.1
TK000081,PJ0009,0.0,0.0,0.0,0.0,0.0,0.0,0.0,0.0,0.0,0.0,0.0,0.0,0.0
TK000082,PJ0009,0.0,0.0,0.0,0.0,0.0,0.0,0.0,0.0,0.0,0.0,0.0,0.0,0.0
TK000083,PJ0009,0.0,0.0,0.0,0.0,0.0,0.0,0.0,0.0,0.0,0.0,0.0,0.0,0.0
TK000084,PJ0009,0.0,0.0,0.0,0.0,0.0,0.0,0.0,0.0,0.0,0.0,0.0,0.0,0.0
TK000085,PJ0009,0.0,0.0,0.0,0.0,0.0,0.0,0.0,0.0,0.0,0.0,0.0,0.0,0.0
TK000086,PJ0009,0.0,0.0,0.0,0.0,0.0,0.0,0.0,0.0,0.0,0.0,0.0,0.0,0.0
TK000087,PJ0009,0.0,0.0,0.0,0.0,0.0,0.0,0.0,0.0,0.0,0.0,0.0,0.0,0.0
TK000088,PJ0009,0.0,0.0,0.0,0.0,0.0,0.0,0.0,0.0,0.0,0.0,0.0,0.0,0.0
TK000089,PJ0009,0.0,0.0,0.0,0.0,0.0,0.0,0.0,0.0,0.0,0.0,0.0,0.0,0.0
TK000090,PJ0009,7169.36,11405.8,15642.24,19878.68,24115.12,28351.56,32588.0,28351.56,24115.12,19878.68,15642.24,11405.8,7169.36
TK000091,PJ0010,0.0,0.0,0.0,0.0,0.0,0.0,0.0,0.0,0.0,0.0,0.0,0.0,0.0
TK000092,PJ0010,0.0,0.0,0.0,0.0,0.0,0.0,0.0,0.0,0.0,0.0,0.0,0.0,0.0
TK000093,PJ0010,0.0,0.0,0.0,0.0,0.0,0.0,0.0,0.0,0.0,0.0,0.0,0.0,0.0
TK000094,PJ0010,0.0,0.0,0.0,0.0,0.0,0.0,0.0,0.0,0.0,0.0,0.0,0.0,0.0
TK000095,PJ0010,0.0,0.0,0.0,0.0,0.0,0.0,0.0,0.0,0.0,0.0,0.0,0.0,0.0
TK000096,PJ0010,0.0,0.0,0.0,0.0,0.0,0.0,0.0,0.0,0.0,0.0,0.0,0.0,0.0
TK000097,PJ0011,0.0,0.0,0.0,0.0,0.0,0.0,0.0,0.0,0.0,0.0,0.0,0.0,0.0
TK000098,PJ0011,1571.43,1468.39,1365.34,1262.3,1159.25,1056.21,953.16,850.12,747.07,644.03,540.98,437.94,334.89
TK000099,PJ0011,711.47,1131.88,1552.29,1972.7,2393.11,2813.52,3233.94,2813.52,2393.11,1972.7,1552.29,1131.88,711.46
TK000100,PJ0011,0.0,0.0,0.0,0.0,0.0,0.0,0.0,0.0,0.0,0.0,0.0,0.0,0.0
TK000101,PJ0011,0.0,0.0,0.0,0.0,0.0,0.0,0.0,0.0,0.0,0.0,0.0,0.0,0.0
TK000102,PJ0011,0.0,0.0,0.0,0.0,0.0,0.0,0.0,0.0,0.0,0.0,0.0,0.0,0.0
TK000103,PJ0011,0.0,0.0,0.0,0.0,0.0,0.0,0.0,0.0,0.0,0.0,0.0,0.0,0.0
TK000104,PJ0011,0.0,0.0,0.0,0.0,0.0,0.0,0.0,0.0,0.0,0.0,0.0,0.0,0.0
TK000105,PJ0012,589.18,589.18,589.18,589.18,589.18,589.18,589.18,589.18,589.18,589.18,589.18,589.18,589.2
TK000106,PJ0012,0.0,0.0,0.0,0.0,0.0,0.0,0.0,0.0,0.0,0.0,0.0,0.0,0.0
TK000107,PJ0012,0.0,0.0,0.0,0.0,0.0,0.0,0.0,0.0,0.0,0.0,0.0,0.0,0.0
TK000108,PJ0012,0.0,0.0,0.0,0.0,0.0,0.0,0.0,0.0,0.0,0.0,0.0,0.0,0.0
TK000109,PJ0012,0.0,0.0,0.0,0.0,0.0,0.0,0.0,0.0,0.0,0.0,0.0,0.0,0.0
TK000110,PJ0012,0.0,0.0,0.0,0.0,0.0,0.0,0.0,0.0,0.0,0.0,0.0,0.0,0.0
TK000111,PJ0012,0.0,0.0,0.0,0.0,0.0,0.0,0.0,0.0,0.0,0.0,0.0,0.0,0.0
TK000112,PJ0013,0.0,0.0,0.0,0.0,0.0,0.0,0.0,0.0,0.0,0.0,0.0,0.0,0.0
TK000113,PJ0013,0.0,0.0,0.0,0.0,0.0,0.0,0.0,0.0,0.0,0.0,0.0,0.0,0.0
TK000114,PJ0013,0.0,0.0,0.0,0.0,0.0,0.0,0.0,0.0,0.0,0.0,0.0,0.0,0.0
TK000115,PJ0013,0.0,0.0,0.0,0.0,0.0,0.0,0.0,0.0,0.0,0.0,0.0,0.0,0.0
TK000116,PJ0013,0.0,0.0,0.0,0.0,0.0,0.0,0.0,0.0,0.0,0.0,0.0,0.0,0.0
TK000117,PJ0013,0.0,0.0,0.0,0.0,0.0,0.0,0.0,0.0,0.0,0.0,0.0,0.0,0.0
TK000118,PJ0013,0.0,0.0,0.0,0.0,0.0,0.0,0.0,0.0,0.0,0.0,0.0,0.0,0.0
TK000119,PJ0013,2388.64,3800.11,5211.58,6623.05,8034.52,9445.99,10857.46,9445.99,8034.52,6623.05,5211.58,3800.11,2388.64
TK000120,PJ0013,0.0,0.0,0.0,0.0,0.0,0.0,0.0,0.0,0.0,0.0,0.0,0.0,0.0
TK000121,PJ0013,0.0,0.0,0.0,0.0,0.0,0.0,0.0,0.0,0.0,0.0,0.0,0.0,0.0
TK000122,PJ0013,0.0,0.0,0.0,0.0,0.0,0.0,0.0,0.0,0.0,0.0,0.0,0.0,0.0
TK000123,PJ0014,2253.34,2105.58,1957.82,1810.06,1662.3,1514.54,1366.78,1219.02,1071.26,923.5,775.74,627.98,480.23
TK000124,PJ0014,0.0,0.0,0.0,0.0,0.0,0.0,0.0,0.0,0.0,0.0,0.0,0.0,0.0
TK000125,PJ0014,0.0,0.0,0.0,0.0,0.0,0.0,0.0,0.0,0.0,0.0,0.0,0.0,0.0
TK000126,PJ0014,0.0,0.0,0.0,0.0,0.0,0.0,0.0,0.0,0.0,0.0,0.0,0.0,0.0
TK000127,PJ0014,0.0,0.0,0.0,0.0,0.0,0.0,0.0,0.0,0.0,0.0,0.0,0.0,0.0
TK000128,PJ0014,0.0,0.0,0.0,0.0,0.0,0.0,0.0,0.0,0.0,0.0,0.0,0.0,0.0
TK000129,PJ0015,0.0,0.0,0.0,0.0,0.0,0.0,0.0,0.0,0.0,0.0,0.0,0.0,0.0
TK000130,PJ0015,0.0,0.0,0.0,0.0,0.0,0.0,0.0,0.0,0.0,0.0,0.0,0.0,0.0
TK000131,PJ0015,0.0,0.0,0.0,0.0,0.0,0.0,0.0,0.0,0.0,0.0,0.0,0.0,0.0
TK000132,PJ0015,0.0,0.0,0.0,0.0,0.0,0.0,0.0,0.0,0.0,0.0,0.0,0.0,0.0
TK000133,PJ0015,0.0,0.0,0.0,0.0,0.0,0.0,0.0,0.0,0.0,0.0,0.0,0.0,0.0
TK000134,PJ0015,0.0,0.0,0.0,0.0,0.0,0.0,0.0,0.0,0.0,0.0,0.0,0.0,0.0
TK000135,PJ0015,0.0,0.0,0.0,0.0,0.0,0.0,0.0,0.0,0.0,0.0,0.0,0.0,0.0
TK000136,PJ0015,0.0,0.0,0.0,0.0,0.0,0.0,0.0,0.0,0.0,0.0,0.0,0.0,0.0
TK000137,PJ0015,0.0,0.0,0.0,0.0,0.0,0.0,0.0,0.0,0.0,0.0,0.0,0.0,0.0
TK000138,PJ0015,0.0,0.0,0.0,0.0,0.0,0.0,0.0,0.0,0.0,0.0,0.0,0.0,0.0
TK000139,PJ0016,928.91,1477.81,2026.71,2575.61,3124.51,3673.41,4222.31,3673.41,3124.51,2575.61,2026.71,1477.81,928.86
TK000140,PJ0016,0.0,0.0,0.0,0.0,0.0,0.0,0.0,0.0,0.0,0.0,0.0,0.0,0.0
TK000141,PJ0016,1352.95,1352.95,1352.95,1352.95,1352.95,1352.95,1352.95,1352.95,1352.95,1352.95,1352.95,1352.95,1352.97
TK000142,PJ0016,0.0,0.0,0.0,0.0,0.0,0.0,0.0,0.0,0.0,0.0,0.0,0.0,0.0
TK000143,PJ0016,0.0,0.0,0.0,0.0,0.0,0.0,0.0,0.0,0.0,0.0,0.0,0.0,0.0
TK000144,PJ0016,0.0,0.0,0.0,0.0,0.0,0.0,0.0,0.0,0.0,0.0,0.0,0.0,0.0
TK000145,PJ0016,24277.04,31213.34,38149.64,45085.94,52022.24,58958.54,65894.83,72831.13,79767.43,86703.73,93640.03,100576.33,107512.63
TK000146,PJ0016,0.0,0.0,0.0,0.0,0.0,0.0,0.0,0.0,0.0,0.0,0.0,0.0,0.0
TK000147,PJ0016,0.0,0.0,0.0,0.0,0.0,0.0,0.0,0.0,0.0,0.0,0.0,0.0,0.0
TK000148,PJ0016,92279.7,118645.33,145010.96,171376.59,197742.21,224107.84,250473.47,276839.1,303204.73,329570.36,355935.98,382301.61,408667.24
TK000149,PJ0016,0.0,0.0,0.0,0.0,0.0,0.0,0.0,0.0,0.0,0.0,0.0,0.0,0.0
TK000150,PJ0016,0.0,0.0,0.0,0.0,0.0,0.0,0.0,0.0,0.0,0.0,0.0,0.0,0.0
TK000151,PJ0017,777.52,1236.97,1696.41,2155.85,2615.3,3074.74,3534.19,3074.74,2615.3,2155.85,1696.41,1236.97,777.53
TK000152,PJ0017,43992.43,43992.43,43992.43,43992.43,43992.43,43992.43,43992.43,43992.43,43992.43,43992.43,43992.43,43992.43,43992.46
TK000153,PJ0017,0.0,0.0,0.0,0.0,0.0,0.0,0.0,0.0,0.0,0.0,0.0,0.0,0.0
TK000154,PJ0017,0.0,0.0,0.0,0.0,0.0,0.0,0.0,0.0,0.0,0.0,0.0,0.0,0.0
TK000155,PJ0017,0.0,0.0,0.0,0.0,0.0,0.0,0.0,0.0,0.0,0.0,0.0,0.0,0.0
TK000156,PJ0017,0.0,0.0,0.0,0.0,0.0,0.0,0.0,0.0,0.0,0.0,0.0,0.0,0.0
TK000157,PJ0017,0.0,0.0,0.0,0.0,0.0,0.0,0.0,0.0,0.0,0.0,0.0,0.0,0.0
TK000158,PJ0017,0.0,0.0,0.0,0.0,0.0,0.0,0.0,0.0,0.0,0.0,0.0,0.0,0.0
TK000159,PJ0017,0.0,0.0,0.0,0.0,0.0,0.0,0.0,0.0,0.0,0.0,0.0,0.0,0.0
TK000160,PJ0017,893.47,1421.43,1949.39,2477.35,3005.31,3533.27,4061.23,3533.27,3005.31,2477.35,1949.39,1421.43,893.45
TK000161,PJ0017,0.0,0.0,0.0,0.0,0.0,0.0,0.0,0.0,0.0,0.0,0.0,0.0,0.0
TK000162,PJ0018,0.0,0.0,0.0,0.0,0.0,0.0,0.0,0.0,0.0,0.0,0.0,0.0,0.0
TK000163,PJ0018,0.0,0.0,0.0,0.0,0.0,0.0,0.0,0.0,0.0,0.0,0.0,0.0,0.0
TK000164,PJ0018,1257.16,1616.35,1975.54,2334.73,2693.92,3053.11,3412.3,3771.48,4130.67,4489.86,4849.05,5208.24,5567.43
TK000165,PJ0018,14908.33,23717.8,32527.27,41336.74,50146.21,58955.68,67765.15,58955.68,50146.21,41336.74,32527.27,23717.8,14908.33
TK000166,PJ0018,0.0,0.0,0.0,0.0,0.0,0.0,0.0,0.0,0.0,0.0,0.0,0.0,0.0
TK000167,PJ0018,0.0,0.0,0.0,0.0,0.0,0.0,0.0,0.0,0.0,0.0,0.0,0.0,0.0
TK000168,PJ0018,0.0,0.0,0.0,0.0,0.0,0.0,0.0,0.0,0.0,0.0,0.0,0.0,0.0
TK000169,PJ0018,0.0,0.0,0.0,0.0,0.0,0.0,0.0,0.0,0.0,0.0,0.0,0.0,0.0
TK000170,PJ0018,0.0,0.0,0.0,0.0,0.0,0.0,0.0,0.0,0.0,0.0,0.0,0.0,0.0
TK000171,PJ0018,0.0,0.0,0.0,0.0,0.0,0.0,0.0,0.0,0.0,0.0,0.0,0.0,0.0
TK000172,PJ0018,39963.49,39963.49,39963.49,39963.49,39963.49,39963.49,39963.49,39963.49,39963.49,39963.49,39963.49,39963.49,39963.43
TK000173,PJ0019,0.0,0.0,0.0,0.0,0.0,0.0,0.0,0.0,0.0,0.0,0.0,0.0,0.0
TK000174,PJ0019,0.0,0.0,0.0,0.0,0.0,0.0,0.0,0.0,0.0,0.0,0.0,0.0,0.0
TK000175,PJ0019,5260.48,6763.48,8266.47,9769.47,11272.46,12775.46,14278.45,15781.45,17284.44,18787.44,20290.43,21793.43,23296.41
TK000176,PJ0019,0.0,0.0,0.0,0.0,0.0,0.0,0.0,0.0,0.0,0.0,0.0,0.0,0.0
TK000177,PJ0019,8149.64,8149.64,8149.64,8149.64,8149.64,8149.64,8149.64,8149.64,8149.64,8149.64,8149.64,8149.64,8149.67
TK000178,PJ0019,1676.2,2666.69,3657.17,4647.66,5638.14,6628.63,7619.11,6628.63,5638.14,4647.66,3657.17,2666.69,1676.22
TK000179,PJ0019,0.0,0.0,0.0,0.0,0.0,0.0,0.0,0.0,0.0,0.0,0.0,0.0,0.0
TK000180,PJ0019,0.0,0.0,0.0,0.0,0.0,0.0,0.0,0.0,0.0,0.0,0.0,0.0,0.0
TK000181,PJ0020,1627.14,1520.44,1413.74,1307.05,1200.35,1093.65,986.95,880.26,773.56,666.86,560.16,453.47,346.77
TK000182,PJ0020,0.0,0.0,0.0,0.0,0.0,0.0,0.0,0.0,0.0,0.0,0.0,0.0,0.0
TK000183,PJ0020,0.0,0.0,0.0,0.0,0.0,0.0,0.0,0.0,0.0,0.0,0.0,0.0,0.0
TK000184,PJ0020,284234.21,265595.9,246957.59,228319.29,209680.98,191042.67,172404.36,153766.05,135127.74,116489.43,97851.12,79212.81,60574.51
TK000185,PJ0020,0.0,0.0,0.0,0.0,0.0,0.0,0.0,0.0,0.0,0.0,0.0,0.0,0.0
TK000186,PJ0020,0.0,0.0,0.0,0.0,0.0,0.0,0.0,0.0,0.0,0.0,0.0,0.0,0.0
TK000187,PJ0020,2482.56,3191.86,3901.16,4610.46,5319.76,6029.06,6738.37,7447.67,8156.97,8866.27,9575.57,10284.87,10994.17
TK000188,PJ0020,0.0,0.0,0.0,0.0,0.0,0.0,0.0,0.0,0.0,0.0,0.0,0.0,0.0
TK000189,PJ0020,0.0,0.0,0.0,0.0,0.0,0.0,0.0,0.0,0.0,0.0,0.0,0.0,0.0
TK000190,PJ0021,0.0,0.0,0.0,0.0,0.0,0.0,0.0,0.0,0.0,0.0,0.0,0.0,0.0
TK000191,PJ0021,0.0,0.0,0.0,0.0,0.0,0.0,0.0,0.0,0.0,0.0,0.0,0.0,0.0
TK000192,PJ0021,0.0,0.0,0.0,0.0,0.0,0.0,0.0,0.0,0.0,0.0,0.0,0.0,0.0
TK000193,PJ0021,0.0,0.0,0.0,0.0,0.0,0.0,0.0,0.0,0.0,0.0,0.0,0.0,0.0
TK000194,PJ0021,103493.4,164648.59,225803.78,286958.98,348114.17,409269.36,470424.55,409269.36,348114.17,286958.98,225803.78,164648.59,103493.4
TK000195,PJ0021,0.0,0.0,0.0,0.0,0.0,0.0,0.0,0.0,0.0,0.0,0.0,0.0,0.0
TK000196,PJ0021,0.0,0.0,0.0,0.0,0.0,0.0,0.0,0.0,0.0,0.0,0.0,0.0,0.0
TK000197,PJ0021,4366.27,4366.27,4366.27,4366.27,4366.27,4366.27,4366.27,4366.27,4366.27,4366.27,4366.27,4366.27,4366.33
TK000198,PJ0022,508.89,475.52,442.15,408.78,375.41,342.04,308.67,275.3,241.93,208.56,175.19,141.82,108.43
TK000199,PJ0022,0.0,0.0,0.0,0.0,0.0,0.0,0.0,0.0,0.0,0.0,0.0,0.0,0.0
TK000200,PJ0022,0.0,0.0,0.0,0.0,0.0,0.0,0.0,0.0,0.0,0.0,0.0,0.0,0.0
TK000201,PJ0022,0.0,0.0,0.0,0.0,0.0,0.0,0.0,0.0,0.0,0.0,0.0,0.0,0.0
TK000202,PJ0022,0.0,0.0,0.0,0.0,0.0,0.0,0.0,0.0,0.0,0.0,0.0,0.0,0.0
TK000203,PJ0022,0.0,0.0,0.0,0.0,0.0,0.0,0.0,0.0,0.0,0.0,0.0,0.0,0.0
TK000204,PJ0022,2913.42,4634.99,6356.56,8078.13,9799.7,11521.27,13242.84,11521.27,9799.7,8078.13,6356.56,4634.99,2913.45
TK000205,PJ0022,0.0,0.0,0.0,0.0,0.0,0.0,0.0,0.0,0.0,0.0,0.0,0.0,0.0
TK000206,PJ0022,0.0,0.0,0.0,0.0,0.0,0.0,0.0,0.0,0.0,0.0,0.0,0.0,0.0
TK000207,PJ0022,656.39,843.93,1031.46,1219.0,1406.54,1594.08,1781.62,1969.16,2156.7,2344.24,2531.78,2719.31,2906.85
TK000208,PJ0022,0.0,0.0,0.0,0.0,0.0,0.0,0.0,0.0,0.0,0.0,0.0,0.0,0.0
TK000209,PJ0022,0.0,0.0,0.0,0.0,0.0,0.0,0.0,0.0,0.0,0.0,0.0,0.0,0.0
TK000210,PJ0022,0.0,0.0,0.0,0.0,0.0,0.0,0.0,0.0,0.0,0.0,0.0,0.0,0.0
TK000211,PJ0022,0.0,0.0,0.0,0.0,0.0,0.0,0.0,0.0,0.0,0.0,0.0,0.0,0.0
TK000212,PJ0023,0.0,0.0,0.0,0.0,0.0,0.0,0.0,0.0,0.0,0.0,0.0,0.0,0.0
TK000213,PJ0023,0.0,0.0,0.0,0.0,0.0,0.0,0.0,0.0,0.0,0.0,0.0,0.0,0.0
TK000214,PJ0023,109232.49,109232.49,109232.49,109232.49,109232.49,109232.49,109232.49,109232.49,109232.49,109232.49,109232.49,109232.49,109232.54
TK000215,PJ0023,1970.71,2533.78,3096.84,3659.9,4222.96,4786.02,5349.08,5912.14,6475.2,7038.27,7601.33,8164.39,8727.45
TK000216,PJ0023,21373.73,27480.51,33587.29,39694.07,45800.85,51907.63,58014.41,64121.19,70227.97,76334.75,82441.53,88548.31,94655.08
TK000217,PJ0023,6001.09,6001.09,6001.09,6001.09,6001.09,6001.09,6001.09,6001.09,6001.09,6001.09,6001.09,6001.09,6001.04
TK000218,PJ0023,0.0,0.0,0.0,0.0,0.0,0.0,0.0,0.0,0.0,0.0,0.0,0.0,0.0
TK000219,PJ0023,0.0,0.0,0.0,0.0,0.0,0.0,0.0,0.0,0.0,0.0,0.0,0.0,0.0
TK000220,PJ0024,0.0,0.0,0.0,0.0,0.0,0.0,0.0,0.0,0.0,0.0,0.0,0.0,0.0
TK000221,PJ0024,0.0,0.0,0.0,0.0,0.0,0.0,0.0,0.0,0.0,0.0,0.0,0.0,0.0
TK000222,PJ0024,0.0,0.0,0.0,0.0,0.0,0.0,0.0,0.0,0.0,0.0,0.0,0.0,0.0
TK000223,PJ0024,0.0,0.0,0.0,0.0,0.0,0.0,0.0,0.0,0.0,0.0,0.0,0.0,0.0
TK000224,PJ0024,0.0,0.0,0.0,0.0,0.0,0.0,0.0,0.0,0.0,0.0,0.0,0.0,0.0
TK000225,PJ0024,0.0,0.0,0.0,0.0,0.0,0.0,0.0,0.0,0.0,0.0,0.0,0.0,0.0
TK000226,PJ0025,0.0,0.0,0.0,0.0,0.0,0.0,0.0,0.0,0.0,0.0,0.0,0.0,0.0
TK000227,PJ0025,0.0,0.0,0.0,0.0,0.0,0.0,0.0,0.0,0.0,0.0,0.0,0.0,0.0
TK000228,PJ0025,0.0,0.0,0.0,0.0,0.0,0.0,0.0,0.0,0.0,0.0,0.0,0.0,0.0
TK000229,PJ0025,0.0,0.0,0.0,0.0,0.0,0.0,0.0,0.0,0.0,0.0,0.0,0.0,0.0
TK000230,PJ0025,29310.01,37684.3,46058.59,54432.87,62807.16,71181.45,79555.74,87930.03,96304.32,104678.61,113052.89,121427.18,129801.47
TK000231,PJ0025,0.0,0.0,0.0,0.0,0.0,0.0,0.0,0.0,0.0,0.0,0.0,0.0,0.0
TK000232,PJ0025,0.0,0.0,0.0,0.0,0.0,0.0,0.0,0.0,0.0,0.0,0.0,0.0,0.0
TK000233,PJ0025,0.0,0.0,0.0,0.0,0.0,0.0,0.0,0.0,0.0,0.0,0.0,0.0,0.0
TK000234,PJ0025,0.0,0.0,0.0,0.0,0.0,0.0,0.0,0.0,0.0,0.0,0.0,0.0,0.0
TK000235,PJ0026,0.0,0.0,0.0,0.0,0.0,0.0,0.0,0.0,0.0,0.0,0.0,0.0,0.0
TK000236,PJ0026,0.0,0.0,0.0,0.0,0.0,0.0,0.0,0.0,0.0,0.0,0.0,0.0,0.0
TK000237,PJ0026,0.0,0.0,0.0,0.0,0.0,0.0,0.0,0.0,0.0,0.0,0.0,0.0,0.0
TK000238,PJ0026,0.0,0.0,0.0,0.0,0.0,0.0,0.0,0.0,0.0,0.0,0.0,0.0,0.0
TK000239,PJ0026,0.0,0.0,0.0,0.0,0.0,0.0,0.0,0.0,0.0,0.0,0.0,0.0,0.0
TK000240,PJ0026,0.0,0.0,0.0,0.0,0.0,0.0,0.0,0.0,0.0,0.0,0.0,0.0,0.0
TK000241,PJ0026,0.0,0.0,0.0,0.0,0.0,0.0,0.0,0.0,0.0,0.0,0.0,0.0,0.0
TK000242,PJ0026,0.0,0.0,0.0,0.0,0.0,0.0,0.0,0.0,0.0,0.0,0.0,0.0,0.0
TK000243,PJ0026,0.0,0.0,0.0,0.0,0.0,0.0,0.0,0.0,0.0,0.0,0.0,0.0,0.0
TK000244,PJ0026,0.0,0.0,0.0,0.0,0.0,0.0,0.0,0.0,0.0,0.0,0.0,0.0,0.0
TK000245,PJ0027,2197.52,2053.42,1909.32,1765.22,1621.12,1477.02,1332.92,1188.82,1044.72,900.62,756.52,612.42,468.35
TK000246,PJ0027,1236.82,1590.2,1943.58,2296.95,2650.33,3003.71,3357.08,3710.46,4063.84,4417.22,4770.59,5123.97,5477.35
TK000247,PJ0027,0.0,0.0,0.0,0.0,0.0,0.0,0.0,0.0,0.0,0.0,0.0,0.0,0.0
TK000248,PJ0027,0.0,0.0,0.0,0.0,0.0,0.0,0.0,0.0,0.0,0.0,0.0,0.0,0.0
TK000249,PJ0027,0.0,0.0,0.0,0.0,0.0,0.0,0.0,0.0,0.0,0.0,0.0,0.0,0.0
TK000250,PJ0027,0.0,0.0,0.0,0.0,0.0,0.0,0.0,0.0,0.0,0.0,0.0,0.0,0.0
TK000251,PJ0027,0.0,0.0,0.0,0.0,0.0,0.0,0.0,0.0,0.0,0.0,0.0,0.0,0.0
TK000252,PJ0027,0.0,0.0,0.0,0.0,0.0,0.0,0.0,0.0,0.0,0.0,0.0,0.0,0.0
TK000253,PJ0028,3501.67,3501.67,3501.67,3501.67,3501.67,3501.67,3501.67,3501.67,3501.67,3501.67,3501.67,3501.67,3501.63
TK000254,PJ0028,0.0,0.0,0.0,0.0,0.0,0.0,0.0,0.0,0.0,0.0,0.0,0.0,0.0
TK000255,PJ0028,1317.05,1693.35,2069.65,2445.95,2822.25,3198.55,3574.85,3951.15,4327.45,4703.75,5080.05,5456.35,5832.67
TK000256,PJ0028,0.0,0.0,0.0,0.0,0.0,0.0,0.0,0.0,0.0,0.0,0.0,0.0,0.0
TK000257,PJ0028,1240.1,1240.1,1240.1,1240.1,1240.1,1240.1,1240.1,1240.1,1240.1,1240.1,1240.1,1240.1,1240.13
TK000258,PJ0028,805922.26,753074.89,700227.53,647380.17,594532.81,541685.45,488838.09,435990.73,383143.37,330296.01,277448.65,224601.28,171753.92
TK000259,PJ0029,53.13,68.3,83.48,98.66,113.84,129.02,144.2,159.38,174.56,189.73,204.91,220.09,235.27
TK000260,PJ0029,0.0,0.0,0.0,0.0,0.0,0.0,0.0,0.0,0.0,0.0,0.0,0.0,0.0
TK000261,PJ0029,0.0,0.0,0.0,0.0,0.0,0.0,0.0,0.0,0.0,0.0,0.0,0.0,0.0
TK000262,PJ0029,23208.4,21686.54,20164.67,18642.81,17120.95,15599.09,14077.22,12555.36,11033.5,9511.64,7989.78,6467.91,4946.05
TK000263,PJ0029,299533.85,279892.28,260250.72,240609.16,220967.59,201326.03,181684.46,162042.9,142401.34,122759.77,103118.21,83476.65,63835.08
TK000264,PJ0029,0.0,0.0,0.0,0.0,0.0,0.0,0.0,0.0,0.0,0.0,0.0,0.0,0.0
TK000265,PJ0029,0.0,0.0,0.0,0.0,0.0,0.0,0.0,0.0,0.0,0.0,0.0,0.0,0.0
TK000266,PJ0029,69756.68,89687.16,109617.64,129548.12,149478.61,169409.09,189339.57,209270.05,229200.53,249131.01,269061.49,288991.97,308922.45
TK000267,PJ0029,60502.69,60502.69,60502.69,60502.69,60502.69,60502.69,60502.69,60502.69,60502.69,60502.69,60502.69,60502.69,60502.67
TK000268,PJ0030,249.85,397.5,545.14,692.78,840.42,988.06,1135.7,988.06,840.42,692.78,545.14,397.5,249.83
TK000269,PJ0030,0.0,0.0,0.0,0.0,0.0,0.0,0.0,0.0,0.0,0.0,0.0,0.0,0.0
TK000270,PJ0030,0.0,0.0,0.0,0.0,0.0,0.0,0.0,0.0,0.0,0.0,0.0,0.0,0.0
TK000271,PJ0030,0.0,0.0,0.0,0.0,0.0,0.0,0.0,0.0,0.0,0.0,0.0,0.0,0.0
TK000272,PJ0030,5499.77,5139.12,4778.48,4417.84,4057.2,3696.56,3335.92,2975.28,2614.64,2254.0,1893.36,1532.72,1172.11
TK000273,PJ0030,4211.65,4211.65,4211.65,4211.65,4211.65,4211.65,4211.65,4211.65,4211.65,4211.65,4211.65,4211.65,4211.7
TK000274,PJ0030,763.34,1214.4,1665.47,2116.53,2567.6,3018.66,3469.73,3018.66,2567.6,2116.53,1665.47,1214.4,763.36
TK000275,PJ0030,9189.22,9189.22,9189.22,9189.22,9189.22,9189.22,9189.22,9189.22,9189.22,9189.22,9189.22,9189.22,9189.2
TK000276,PJ0030,165335.76,263034.17,360732.57,458430.98,556129.39,653827.79,751526.2,653827.79,556129.39,458430.98,360732.57,263034.17,165335.77
TK000277,PJ0030,437561.2,408868.66,380176.13,351483.59,322791.05,294098.51,265405.97,236713.44,208020.9,179328.36,150635.82,121943.29,93250.75
TK000278,PJ0030,0.0,0.0,0.0,0.0,0.0,0.0,0.0,0.0,0.0,0.0,0.0,0.0,0.0
TK000279,PJ0030,0.0,0.0,0.0,0.0,0.0,0.0,0.0,0.0,0.0,0.0,0.0,0.0,0.0
TK000280,PJ0030,0.0,0.0,0.0,0.0,0.0,0.0,0.0,0.0,0.0,0.0,0.0,0.0,0.0
TK000281,PJ0031,0.0,0.0,0.0,0.0,0.0,0.0,0.0,0.0,0.0,0.0,0.0,0.0,0.0
TK000282,PJ0031,0.0,0.0,0.0,0.0,0.0,0.0,0.0,0.0,0.0,0.0,0.0,0.0,0.0
TK000283,PJ0031,0.0,0.0,0.0,0.0,0.0,0.0,0.0,0.0,0.0,0.0,0.0,0.0,0.0
TK000284,PJ0031,381391.54,381391.54,381391.54,381391.54,381391.54,381391.54,381391.54,381391.54,381391.54,381391.54,381391.54,381391.54,381391.51
TK000285,PJ0031,0.0,0.0,0.0,0.0,0.0,0.0,0.0,0.0,0.0,0.0,0.0,0.0,0.0
TK000286,PJ0031,155743.96,145531.24,135318.52,125105.81,114893.09,104680.37,94467.65,84254.93,74042.21,63829.49,53616.77,43404.06,33191.34
TK000287,PJ0031,0.0,0.0,0.0,0.0,0.0,0.0,0.0,0.0,0.0,0.0,0.0,0.0,0.0
TK000288,PJ0031,0.0,0.0,0.0,0.0,0.0,0.0,0.0,0.0,0.0,0.0,0.0,0.0,0.0
TK000289,PJ0032,2371.24,3772.43,5173.61,6574.8,7975.99,9377.17,10778.36,9377.17,7975.99,6574.8,5173.61,3772.43,2371.23
TK000290,PJ0032,4262.87,5480.83,6698.79,7916.75,9134.71,10352.68,11570.64,12788.6,14006.56,15224.52,16442.49,17660.45,18878.41
TK000291,PJ0032,9147.68,14553.12,19958.57,25364.01,30769.46,36174.91,41580.35,36174.91,30769.46,25364.01,19958.57,14553.12,9147.68
TK000292,PJ0032,0.0,0.0,0.0,0.0,0.0,0.0,0.0,0.0,0.0,0.0,0.0,0.0,0.0
TK000293,PJ0032,111.87,143.83,175.79,207.76,239.72,271.68,303.64,335.61,367.57,399.53,431.49,463.46,495.43
TK000294,PJ0032,0.0,0.0,0.0,0.0,0.0,0.0,0.0,0.0,0.0,0.0,0.0,0.0,0.0
TK000295,PJ0032,1810.99,2881.12,3951.25,5021.38,6091.51,7161.64,8231.77,7161.64,6091.51,5021.38,3951.25,2881.12,1811.0
TK000296,PJ0032,0.0,0.0,0.0,0.0,0.0,0.0,0.0,0.0,0.0,0.0,0.0,0.0,0.0
TK000297,PJ0032,15058.86,15058.86,15058.86,15058.86,15058.86,15058.86,15058.86,15058.86,15058.86,15058.86,15058.86,15058.86,15058.81
TK000298,PJ0032,26063.77,33510.56,40957.35,48404.14,55850.93,63297.72,70744.51,78191.3,85638.09,93084.88,100531.67,107978.46,115425.2
TK000299,PJ0032,1965.8,3127.41,4289.02,5450.63,6612.24,7773.85,8935.46,7773.85,6612.24,5450.63,4289.02,3127.41,1965.81
TK000300,PJ0032,0.0,0.0,0.0,0.0,0.0,0.0,0.0,0.0,0.0,0.0,0.0,0.0,0.0
TK000301,PJ0032,0.0,0.0,0.0,0.0,0.0,0.0,0.0,0.0,0.0,0.0,0.0,0.0,0.0
TK000302,PJ0033,0.0,0.0,0.0,0.0,0.0,0.0,0.0,0.0,0.0,0.0,0.0,0.0,0.0
TK000303,PJ0033,0.0,0.0,0.0,0.0,0.0,0.0,0.0,0.0,0.0,0.0,0.0,0.0,0.0
TK000304,PJ0033,0.0,0.0,0.0,0.0,0.0,0.0,0.0,0.0,0.0,0.0,0.0,0.0,0.0
TK000305,PJ0033,0.0,0.0,0.0,0.0,0.0,0.0,0.0,0.0,0.0,0.0,0.0,0.0,0.0
TK000306,PJ0033,0.0,0.0,0.0,0.0,0.0,0.0,0.0,0.0,0.0,0.0,0.0,0.0,0.0
TK000307,PJ0033,0.0,0.0,0.0,0.0,0.0,0.0,0.0,0.0,0.0,0.0,0.0,0.0,0.0
TK000308,PJ0033,0.0,0.0,0.0,0.0,0.0,0.0,0.0,0.0,0.0,0.0,0.0,0.0,0.0
TK000309,PJ0033,13798.69,13798.69,13798.69,13798.69,13798.69,13798.69,13798.69,13798.69,13798.69,13798.69,13798.69,13798.69,13798.63
TK000310,PJ0033,0.0,0.0,0.0,0.0,0.0,0.0,0.0,0.0,0.0,0.0,0.0,0.0,0.0
TK000311,PJ0033,0.0,0.0,0.0,0.0,0.0,0.0,0.0,0.0,0.0,0.0,0.0,0.0,0.0
TK000312,PJ0034,1230.75,1958.01,2685.27,3412.53,4139.79,4867.05,5594.31,4867.05,4139.79,3412.53,2685.27,1958.01,1230.73
TK000313,PJ0034,0.0,0.0,0.0,0.0,0.0,0.0,0.0,0.0,0.0,0.0,0.0,0.0,0.0
TK000314,PJ0034,0.0,0.0,0.0,0.0,0.0,0.0,0.0,0.0,0.0,0.0,0.0,0.0,0.0
TK000315,PJ0034,0.0,0.0,0.0,0.0,0.0,0.0,0.0,0.0,0.0,0.0,0.0,0.0,0.0
TK000316,PJ0034,0.0,0.0,0.0,0.0,0.0,0.0,0.0,0.0,0.0,0.0,0.0,0.0,0.0
TK000317,PJ0034,0.0,0.0,0.0,0.0,0.0,0.0,0.0,0.0,0.0,0.0,0.0,0.0,0.0
TK000318,PJ0034,51285.11,51285.11,51285.11,51285.11,51285.11,51285.11,51285.11,51285.11,51285.11,51285.11,51285.11,51285.11,51285.05
TK000319,PJ0034,0.0,0.0,0.0,0.0,0.0,0.0,0.0,0.0,0.0,0.0,0.0,0.0,0.0
TK000320,PJ0034,35095.18,35095.18,35095.18,35095.18,35095.18,35095.18,35095.18,35095.18,35095.18,35095.18,35095.18,35095.18,35095.24
TK000321,PJ0035,2074.41,3300.2,4525.99,5751.78,6977.57,8203.36,9429.15,8203.36,6977.57,5751.78,4525.99,3300.2,2074.45
TK000322,PJ0035,0.0,0.0,0.0,0.0,0.0,0.0,0.0,0.0,0.0,0.0,0.0,0.0,0.0
TK000323,PJ0035,0.0,0.0,0.0,0.0,0.0,0.0,0.0,0.0,0.0,0.0,0.0,0.0,0.0
TK000324,PJ0035,0.0,0.0,0.0,0.0,0.0,0.0,0.0,0.0,0.0,0.0,0.0,0.0,0.0
TK000325,PJ0035,0.0,0.0,0.0,0.0,0.0,0.0,0.0,0.0,0.0,0.0,0.0,0.0,0.0
TK000326,PJ0035,0.0,0.0,0.0,0.0,0.0,0.0,0.0,0.0,0.0,0.0,0.0,0.0,0.0
TK000327,PJ0036,0.0,0.0,0.0,0.0,0.0,0.0,0.0,0.0,0.0,0.0,0.0,0.0,0.0
TK000328,PJ0036,9463.18,9463.18,9463.18,9463.18,9463.18,9463.18,9463.18,9463.18,9463.18,9463.18,9463.18,9463.18,9463.2
TK000329,PJ0036,36142.99,33772.96,31402.93,29032.9,26662.86,24292.83,21922.8,19552.77,17182.74,14812.7,12442.67,10072.64,7702.61
TK000330,PJ0036,0.0,0.0,0.0,0.0,0.0,0.0,0.0,0.0,0.0,0.0,0.0,0.0,0.0
TK000331,PJ0036,16261.61,15195.28,14128.94,13062.61,11996.27,10929.94,9863.6,8797.26,7730.93,6664.59,5598.26,4531.92,3465.59
TK000332,PJ0036,181977.16,289509.12,397041.09,504573.05,612105.01,719636.97,827168.93,719636.97,612105.01,504573.05,397041.09,289509.12,181977.15
TK000333,PJ0036,2014.68,2590.3,3165.92,3741.54,4317.17,4892.79,5468.41,6044.03,6619.65,7195.28,7770.9,8346.52,8922.13
TK000334,PJ0036,0.0,0.0,0.0,0.0,0.0,0.0,0.0,0.0,0.0,0.0,0.0,0.0,0.0
TK000335,PJ0036,0.0,0.0,0.0,0.0,0.0,0.0,0.0,0.0,0.0,0.0,0.0,0.0,0.0
TK000336,PJ0036,0.0,0.0,0.0,0.0,0.0,0.0,0.0,0.0,0.0,0.0,0.0,0.0,0.0
TK000337,PJ0036,0.0,0.0,0.0,0.0,0.0,0.0,0.0,0.0,0.0,0.0,0.0,0.0,0.0
TK000338,PJ0036,0.0,0.0,0.0,0.0,0.0,0.0,0.0,0.0,0.0,0.0,0.0,0.0,0.0
TK000339,PJ0037,10971.76,10971.76,10971.76,10971.76,10971.76,10971.76,10971.76,10971.76,10971.76,10971.76,10971.76,10971.76,10971.78
TK000340,PJ0037,0.0,0.0,0.0,0.0,0.0,0.0,0.0,0.0,0.0,0.0,0.0,0.0,0.0
TK000341,PJ0037,0.0,0.0,0.0,0.0,0.0,0.0,0.0,0.0,0.0,0.0,0.0,0.0,0.0
TK000342,PJ0037,0.0,0.0,0.0,0.0,0.0,0.0,0.0,0.0,0.0,0.0,0.0,0.0,0.0
TK000343,PJ0037,64550.5,64550.5,64550.5,64550.5,64550.5,64550.5,64550.5,64550.5,64550.5,64550.5,64550.5,64550.5,64550.55
TK000344,PJ0037,0.0,0.0,0.0,0.0,0.0,0.0,0.0,0.0,0.0,0.0,0.0,0.0,0.0
TK000345,PJ0037,0.0,0.0,0.0,0.0,0.0,0.0,0.0,0.0,0.0,0.0,0.0,0.0,0.0
TK000346,PJ0037,79136.72,125899.33,172661.94,219424.55,266187.16,312949.76,359712.37,312949.76,266187.16,219424.55,172661.94,125899.33,79136.72
TK000347,PJ0037,0.0,0.0,0.0,0.0,0.0,0.0,0.0,0.0,0.0,0.0,0.0,0.0,0.0
TK000348,PJ0037,0.0,0.0,0.0,0.0,0.0,0.0,0.0,0.0,0.0,0.0,0.0,0.0,0.0
TK000349,PJ0038,648.32,833.55,1018.79,1204.02,1389.26,1574.49,1759.72,1944.96,2130.19,2315.43,2500.66,2685.89,2871.12
TK000350,PJ0038,3449.47,4435.04,5420.6,6406.16,7391.73,8377.29,9362.86,10348.42,11333.98,12319.55,13305.11,14290.68,15276.24
TK000351,PJ0038,0.0,0.0,0.0,0.0,0.0,0.0,0.0,0.0,0.0,0.0,0.0,0.0,0.0
TK000352,PJ0038,0.0,0.0,0.0,0.0,0.0,0.0,0.0,0.0,0.0,0.0,0.0,0.0,0.0
TK000353,PJ0038,0.0,0.0,0.0,0.0,0.0,0.0,0.0,0.0,0.0,0.0,0.0,0.0,0.0
TK000354,PJ0038,0.0,0.0,0.0,0.0,0.0,0.0,0.0,0.0,0.0,0.0,0.0,0.0,0.0
TK000355,PJ0038,23666.74,22114.82,20562.9,19010.99,17459.07,15907.15,14355.23,12803.32,11251.4,9699.48,8147.57,6595.65,5043.72
TK000356,PJ0038,0.0,0.0,0.0,0.0,0.0,0.0,0.0,0.0,0.0,0.0,0.0,0.0,0.0
TK000357,PJ0038,13214.77,13214.77,13214.77,13214.77,13214.77,13214.77,13214.77,13214.77,13214.77,13214.77,13214.77,13214.77,13214.82
TK000358,PJ0038,54283.75,86360.51,118437.27,150514.03,182590.79,214667.55,246744.31,214667.55,182590.79,150514.03,118437.27,86360.51,54283.77
TK000359,PJ0038,0.0,0.0,0.0,0.0,0.0,0.0,0.0,0.0,0.0,0.0,0.0,0.0,0.0
TK000360,PJ0038,0.0,0.0,0.0,0.0,0.0,0.0,0.0,0.0,0.0,0.0,0.0,0.0,0.0
TK000361,PJ0038,0.0,0.0,0.0,0.0,0.0,0.0,0.0,0.0,0.0,0.0,0.0,0.0,0.0
TK000362,PJ0039,0.0,0.0,0.0,0.0,0.0,0.0,0.0,0.0,0.0,0.0,0.0,0.0,0.0
TK000363,PJ0039,0.0,0.0,0.0,0.0,0.0,0.0,0.0,0.0,0.0,0.0,0.0,0.0,0.0
TK000364,PJ0039,0.0,0.0,0.0,0.0,0.0,0.0,0.0,0.0,0.0,0.0,0.0,0.0,0.0
TK000365,PJ0039,0.0,0.0,0.0,0.0,0.0,0.0,0.0,0.0,0.0,0.0,0.0,0.0,0.0
TK000366,PJ0039,0.0,0.0,0.0,0.0,0.0,0.0,0.0,0.0,0.0,0.0,0.0,0.0,0.0
TK000367,PJ0039,77555.59,77555.59,77555.59,77555.59,77555.59,77555.59,77555.59,77555.59,77555.59,77555.59,77555.59,77555.59,77555.64
TK000368,PJ0039,0.0,0.0,0.0,0.0,0.0,0.0,0.0,0.0,0.0,0.0,0.0,0.0,0.0
TK000369,PJ0039,0.0,0.0,0.0,0.0,0.0,0.0,0.0,0.0,0.0,0.0,0.0,0.0,0.0
TK000370,PJ0039,0.0,0.0,0.0,0.0,0.0,0.0,0.0,0.0,0.0,0.0,0.0,0.0,0.0
TK000371,PJ0039,0.0,0.0,0.0,0.0,0.0,0.0,0.0,0.0,0.0,0.0,0.0,0.0,0.0
TK000372,PJ0039,0.0,0.0,0.0,0.0,0.0,0.0,0.0,0.0,0.0,0.0,0.0,0.0,0.0
TK000373,PJ0039,0.0,0.0,0.0,0.0,0.0,0.0,0.0,0.0,0.0,0.0,0.0,0.0,0.0
TK000374,PJ0039,0.0,0.0,0.0,0.0,0.0,0.0,0.0,0.0,0.0,0.0,0.0,0.0,0.0
TK000375,PJ0039,0.0,0.0,0.0,0.0,0.0,0.0,0.0,0.0,0.0,0.0,0.0,0.0,0.0
TK000376,PJ0040,0.0,0.0,0.0,0.0,0.0,0.0,0.0,0.0,0.0,0.0,0.0,0.0,0.0
TK000377,PJ0040,0.0,0.0,0.0,0.0,0.0,0.0,0.0,0.0,0.0,0.0,0.0,0.0,0.0
TK000378,PJ0040,0.0,0.0,0.0,0.0,0.0,0.0,0.0,0.0,0.0,0.0,0.0,0.0,0.0
TK000379,PJ0040,182603.7,182603.7,182603.7,182603.7,182603.7,182603.7,182603.7,182603.7,182603.7,182603.7,182603.7,182603.7,182603.72
TK000380,PJ0040,324918.41,516915.65,708912.89,900910.13,1092907.37,1284904.6,1476901.84,1284904.6,1092907.37,900910.13,708912.89,516915.65,324918.38
TK000381,PJ0040,0.0,0.0,0.0,0.0,0.0,0.0,0.0,0.0,0.0,0.0,0.0,0.0,0.0
TK000382,PJ0040,0.0,0.0,0.0,0.0,0.0,0.0,0.0,0.0,0.0,0.0,0.0,0.0,0.0
TK000383,PJ0040,6831.53,6831.53,6831.53,6831.53,6831.53,6831.53,6831.53,6831.53,6831.53,6831.53,6831.53,6831.53,6831.58
TK000384,PJ0041,8828.85,8249.91,7670.97,7092.03,6513.09,5934.15,5355.21,4776.26,4197.32,3618.38,3039.44,2460.5,1881.57
TK000385,PJ0041,17323.46,17323.46,17323.46,17323.46,17323.46,17323.46,17323.46,17323.46,17323.46,17323.46,17323.46,17323.46,17323.4
TK000386,PJ0041,0.0,0.0,0.0,0.0,0.0,0.0,0.0,0.0,0.0,0.0,0.0,0.0,0.0
TK000387,PJ0041,0.0,0.0,0.0,0.0,0.0,0.0,0.0,0.0,0.0,0.0,0.0,0.0,0.0
TK000388,PJ0041,0.0,0.0,0.0,0.0,0.0,0.0,0.0,0.0,0.0,0.0,0.0,0.0,0.0
TK000389,PJ0041,0.0,0.0,0.0,0.0,0.0,0.0,0.0,0.0,0.0,0.0,0.0,0.0,0.0
TK000390,PJ0041,0.0,0.0,0.0,0.0,0.0,0.0,0.0,0.0,0.0,0.0,0.0,0.0,0.0
TK000391,PJ0041,0.0,0.0,0.0,0.0,0.0,0.0,0.0,0.0,0.0,0.0,0.0,0.0,0.0
TK000392,PJ0041,43.21,43.21,43.21,43.21,43.21,43.21,43.21,43.21,43.21,43.21,43.21,43.21,43.23
TK000393,PJ0042,2632.59,2459.96,2287.33,2114.7,1942.07,1769.44,1596.82,1424.19,1251.56,1078.93,906.3,733.67,561.04
TK000394,PJ0042,5577.56,7171.15,8764.74,10358.32,11951.91,13545.5,15139.09,16732.68,18326.27,19919.86,21513.44,23107.03,24700.62
TK000395,PJ0042,0.0,0.0,0.0,0.0,0.0,0.0,0.0,0.0,0.0,0.0,0.0,0.0,0.0
TK000396,PJ0042,15700.95,14671.38,13641.81,12612.24,11582.67,10553.1,9523.53,8493.96,7464.39,6434.82,5405.25,4375.68,3346.11
TK000397,PJ0042,611.41,786.1,960.79,1135.48,1310.17,1484.86,1659.55,1834.24,2008.92,2183.61,2358.3,2532.99,2707.68
TK000398,PJ0042,796.77,1024.41,1252.06,1479.71,1707.36,1935.0,2162.65,2390.3,2617.95,2845.6,3073.24,3300.89,3528.54
TK000399,PJ0042,0.0,0.0,0.0,0.0,0.0,0.0,0.0,0.0,0.0,0.0,0.0,0.0,0.0
TK000400,PJ0042,0.0,0.0,0.0,0.0,0.0,0.0,0.0,0.0,0.0,0.0,0.0,0.0,0.0
TK000401,PJ0042,0.0,0.0,0.0,0.0,0.0,0.0,0.0,0.0,0.0,0.0,0.0,0.0,0.0
TK000402,PJ0042,0.0,0.0,0.0,0.0,0.0,0.0,0.0,0.0,0.0,0.0,0.0,0.0,0.0
TK000403,PJ0043,485.36,772.16,1058.97,1345.77,1632.57,1919.38,2206.18,1919.38,1632.57,1345.77,1058.97,772.16,485.36
TK000404,PJ0043,0.0,0.0,0.0,0.0,0.0,0.0,0.0,0.0,0.0,0.0,0.0,0.0,0.0
TK000405,PJ0043,0.0,0.0,0.0,0.0,0.0,0.0,0.0,0.0,0.0,0.0,0.0,0.0,0.0
TK000406,PJ0043,0.0,0.0,0.0,0.0,0.0,0.0,0.0,0.0,0.0,0.0,0.0,0.0,0.0
TK000407,PJ0043,0.0,0.0,0.0,0.0,0.0,0.0,0.0,0.0,0.0,0.0,0.0,0.0,0.0
TK000408,PJ0043,12945.68,20595.4,28245.12,35894.83,43544.55,51194.27,58843.99,51194.27,43544.55,35894.83,28245.12,20595.4,12945.68
TK000409,PJ0043,0.0,0.0,0.0,0.0,0.0,0.0,0.0,0.0,0.0,0.0,0.0,0.0,0.0
TK000410,PJ0043,0.0,0.0,0.0,0.0,0.0,0.0,0.0,0.0,0.0,0.0,0.0,0.0,0.0
TK000411,PJ0044,0.0,0.0,0.0,0.0,0.0,0.0,0.0,0.0,0.0,0.0,0.0,0.0,0.0
TK000412,PJ0044,0.0,0.0,0.0,0.0,0.0,0.0,0.0,0.0,0.0,0.0,0.0,0.0,0.0
TK000413,PJ0044,0.0,0.0,0.0,0.0,0.0,0.0,0.0,0.0,0.0,0.0,0.0,0.0,0.0
TK000414,PJ0044,0.0,0.0,0.0,0.0,0.0,0.0,0.0,0.0,0.0,0.0,0.0,0.0,0.0
TK000415,PJ0044,88883.58,141405.7,193927.82,246449.93,298972.05,351494.17,404016.28,351494.17,298972.05,246449.93,193927.82,141405.7,88883.58
TK000416,PJ0044,16077.97,25578.58,35079.2,44579.82,54080.43,63581.05,73081.67,63581.05,54080.43,44579.82,35079.2,25578.58,16077.97
TK000417,PJ0044,0.0,0.0,0.0,0.0,0.0,0.0,0.0,0.0,0.0,0.0,0.0,0.0,0.0
TK000418,PJ0044,0.0,0.0,0.0,0.0,0.0,0.0,0.0,0.0,0.0,0.0,0.0,0.0,0.0
TK000419,PJ0044,27093.86,25317.21,23540.57,21763.92,19987.27,18210.63,16433.98,14657.33,12880.69,11104.04,9327.39,7550.75,5774.12
TK000420,PJ0044,0.0,0.0,0.0,0.0,0.0,0.0,0.0,0.0,0.0,0.0,0.0,0.0,0.0
TK000421,PJ0044,19379.59,18108.8,16838.01,15567.21,14296.42,13025.63,11754.83,10484.04,9213.25,7942.46,6671.66,5400.87,4130.08
TK000422,PJ0044,1006.43,1601.14,2195.85,2790.56,3385.27,3979.98,4574.69,3979.98,3385.27,2790.56,2195.85,1601.14,1006.46
TK000423,PJ0045,0.0,0.0,0.0,0.0,0.0,0.0,0.0,0.0,0.0,0.0,0.0,0.0,0.0
TK000424,PJ0045,0.0,0.0,0.0,0.0,0.0,0.0,0.0,0.0,0.0,0.0,0.0,0.0,0.0
TK000425,PJ0045,121993.34,121993.34,121993.34,121993.34,121993.34,121993.34,121993.34,121993.34,121993.34,121993.34,121993.34,121993.34,121993.38
TK000426,PJ0045,0.0,0.0,0.0,0.0,0.0,0.0,0.0,0.0,0.0,0.0,0.0,0.0,0.0
TK000427,PJ0045,0.0,0.0,0.0,0.0,0.0,0.0,0.0,0.0,0.0,0.0,0.0,0.0,0.0
TK000428,PJ0045,0.0,0.0,0.0,0.0,0.0,0.0,0.0,0.0,0.0,0.0,0.0,0.0,0.0
TK000429,PJ0045,0.0,0.0,0.0,0.0,0.0,0.0,0.0,0.0,0.0,0.0,0.0,0.0,0.0
TK000430,PJ0046,1211.2,1926.91,2642.62,3358.33,4074.04,4789.75,5505.47,4789.75,4074.04,3358.33,2642.62,1926.91,1211.24
TK000431,PJ0046,0.0,0.0,0.0,0.0,0.0,0.0,0.0,0.0,0.0,0.0,0.0,0.0,0.0
TK000432,PJ0046,153999.5,153999.5,153999.5,153999.5,153999.5,153999.5,153999.5,153999.5,153999.5,153999.5,153999.5,153999.5,153999.46
TK000433,PJ0046,0.0,0.0,0.0,0.0,0.0,0.0,0.0,0.0,0.0,0.0,0.0,0.0,0.0
TK000434,PJ0046,0.0,0.0,0.0,0.0,0.0,0.0,0.0,0.0,0.0,0.0,0.0,0.0,0.0
TK000435,PJ0046,0.0,0.0,0.0,0.0,0.0,0.0,0.0,0.0,0.0,0.0,0.0,0.0,0.0
TK000436,PJ0046,0.0,0.0,0.0,0.0,0.0,0.0,0.0,0.0,0.0,0.0,0.0,0.0,0.0
TK000437,PJ0046,0.0,0.0,0.0,0.0,0.0,0.0,0.0,0.0,0.0,0.0,0.0,0.0,0.0
TK000438,PJ0046,0.0,0.0,0.0,0.0,0.0,0.0,0.0,0.0,0.0,0.0,0.0,0.0,0.0
TK000439,PJ0047,0.0,0.0,0.0,0.0,0.0,0.0,0.0,0.0,0.0,0.0,0.0,0.0,0.0
TK000440,PJ0047,6774.15,6329.94,5885.74,5441.53,4997.32,4553.12,4108.91,3664.7,3220.5,2776.29,2332.08,1887.88,1443.69
TK000441,PJ0047,0.0,0.0,0.0,0.0,0.0,0.0,0.0,0.0,0.0,0.0,0.0,0.0,0.0
TK000442,PJ0047,3634.57,5782.27,7929.97,10077.67,12225.38,14373.08,16520.78,14373.08,12225.38,10077.67,7929.97,5782.27,3634.58
TK000443,PJ0047,32.75,42.11,51.47,60.83,70.19,79.55,88.91,98.26,107.62,116.98,126.34,135.7,145.07
TK000444,PJ0047,26742.52,42544.92,58347.31,74149.71,89952.11,105754.51,121556.9,105754.51,89952.11,74149.71,58347.31,42544.92,26742.51
TK000445,PJ0048,5827.06,5444.96,5062.85,4680.75,4298.65,3916.55,3534.45,3152.34,2770.24,2388.14,2006.04,1623.93,1241.83
TK000446,PJ0048,0.0,0.0,0.0,0.0,0.0,0.0,0.0,0.0,0.0,0.0,0.0,0.0,0.0
TK000447,PJ0048,0.0,0.0,0.0,0.0,0.0,0.0,0.0,0.0,0.0,0.0,0.0,0.0,0.0
TK000448,PJ0048,0.0,0.0,0.0,0.0,0.0,0.0,0.0,0.0,0.0,0.0,0.0,0.0,0.0
TK000449,PJ0048,282831.11,449958.58,617086.05,784213.53,951341.0,1118468.47,1285595.95,1118468.47,951341.0,784213.53,617086.05,449958.58,282831.11
TK000450,PJ0048,0.0,0.0,0.0,0.0,0.0,0.0,0.0,0.0,0.0,0.0,0.0,0.0,0.0
TK000451,PJ0048,31445.12,40429.44,49413.76,58398.09,67382.41,76366.73,85351.05,94335.37,103319.69,112304.01,121288.33,130272.65,139256.98
TK000452,PJ0049,0.0,0.0,0.0,0.0,0.0,0.0,0.0,0.0,0.0,0.0,0.0,0.0,0.0
TK000453,PJ0049,0.0,0.0,0.0,0.0,0.0,0.0,0.0,0.0,0.0,0.0,0.0,0.0,0.0
TK000454,PJ0049,0.0,0.0,0.0,0.0,0.0,0.0,0.0,0.0,0.0,0.0,0.0,0.0,0.0
TK000455,PJ0049,0.0,0.0,0.0,0.0,0.0,0.0,0.0,0.0,0.0,0.0,0.0,0.0,0.0
TK000456,PJ0049,0.0,0.0,0.0,0.0,0.0,0.0,0.0,0.0,0.0,0.0,0.0,0.0,0.0
TK000457,PJ0049,3577.42,5691.35,7805.28,9919.21,12033.13,14147.06,16260.99,14147.06,12033.13,9919.21,7805.28,5691.35,3577.41
TK000458,PJ0049,0.0,0.0,0.0,0.0,0.0,0.0,0.0,0.0,0.0,0.0,0.0,0.0,0.0
TK000459,PJ0049,0.0,0.0,0.0,0.0,0.0,0.0,0.0,0.0,0.0,0.0,0.0,0.0,0.0
TK000460,PJ0050,29.98,38.54,47.11,55.67,64.24,72.8,81.37,89.93,98.5,107.06,115.63,124.19,132.74
TK000461,PJ0050,0.0,0.0,0.0,0.0,0.0,0.0,0.0,0.0,0.0,0.0,0.0,0.0,0.0
TK000462,PJ0050,2116.69,2721.46,3326.23,3931.0,4535.77,5140.54,5745.31,6350.08,6954.85,7559.62,8164.39,8769.16,9373.93
TK000463,PJ0050,14473.84,23026.56,31579.28,40132.0,48684.72,57237.44,65790.16,57237.44,48684.72,40132.0,31579.28,23026.56,14473.83
TK000464,PJ0050,430.27,430.27,430.27,430.27,430.27,430.27,430.27,430.27,430.27,430.27,430.27,430.27,430.28
TK000465,PJ0050,0.0,0.0,0.0,0.0,0.0,0.0,0.0,0.0,0.0,0.0,0.0,0.0,0.0
TK000466,PJ0050,0.0,0.0,0.0,0.0,0.0,0.0,0.0,0.0,0.0,0.0,0.0,0.0,0.0
TK000467,PJ0050,1516242.58,1416816.84,1317391.1,1217965.35,1118539.61,1019113.87,919688.12,820262.38,720836.64,621410.89,521985.15,422559.41,323133.66
TK000468,PJ0051,0.0,0.0,0.0,0.0,0.0,0.0,0.0,0.0,0.0,0.0,0.0,0.0,0.0
TK000469,PJ0051,44351.21,44351.21,44351.21,44351.21,44351.21,44351.21,44351.21,44351.21,44351.21,44351.21,44351.21,44351.21,44351.24
TK000470,PJ0051,0.0,0.0,0.0,0.0,0.0,0.0,0.0,0.0,0.0,0.0,0.0,0.0,0.0
TK000471,PJ0051,0.0,0.0,0.0,0.0,0.0,0.0,0.0,0.0,0.0,0.0,0.0,0.0,0.0
TK000472,PJ0051,0.0,0.0,0.0,0.0,0.0,0.0,0.0,0.0,0.0,0.0,0.0,0.0,0.0
TK000473,PJ0051,0.0,0.0,0.0,0.0,0.0,0.0,0.0,0.0,0.0,0.0,0.0,0.0,0.0
TK000474,PJ0051,2249.82,2892.62,3535.43,4178.23,4821.04,5463.84,6106.65,6749.45,7392.26,8035.06,8677.87,9320.67,9963.47
TK000475,PJ0051,0.0,0.0,0.0,0.0,0.0,0.0,0.0,0.0,0.0,0.0,0.0,0.0,0.0
TK000476,PJ0051,2036.16,3239.35,4442.53,5645.72,6848.91,8052.09,9255.28,8052.09,6848.91,5645.72,4442.53,3239.35,2036.16
TK000477,PJ0051,0.0,0.0,0.0,0.0,0.0,0.0,0.0,0.0,0.0,0.0,0.0,0.0,0.0
TK000478,PJ0051,3392.01,5396.38,7400.75,9405.12,11409.5,13413.87,15418.24,13413.87,11409.5,9405.12,7400.75,5396.38,3392.02
TK000479,PJ0052,158.04,251.42,344.81,438.19,531.58,624.96,718.34,624.96,531.58,438.19,344.81,251.42,158.02
TK000480,PJ0052,11035.0,11035.0,11035.0,11035.0,11035.0,11035.0,11035.0,11035.0,11035.0,11035.0,11035.0,11035.0,11035.04
TK000481,PJ0052,20703.73,26619.08,32534.43,38449.78,44365.13,50280.48,56195.83,62111.18,68026.53,73941.88,79857.23,85772.58,91687.94
TK000482,PJ0052,0.0,0.0,0.0,0.0,0.0,0.0,0.0,0.0,0.0,0.0,0.0,0.0,0.0
TK000483,PJ0052,8124.57,10445.87,12767.18,15088.48,17409.79,19731.09,22052.4,24373.7,26695.01,29016.31,31337.62,33658.93,35980.24
TK000484,PJ0052,0.0,0.0,0.0,0.0,0.0,0.0,0.0,0.0,0.0,0.0,0.0,0.0,0.0
TK000485,PJ0052,0.0,0.0,0.0,0.0,0.0,0.0,0.0,0.0,0.0,0.0,0.0,0.0,0.0
TK000486,PJ0052,10611.98,16882.7,23153.41,29424.13,35694.84,41965.56,48236.27,41965.56,35694.84,29424.13,23153.41,16882.7,10611.97
