ActionID,IncidentID,ActionType,Owner,DueDate,CompletedDate
CA000001,IN00001,Signage,Team A,2025-06-23,2025-07-04
CA000002,IN00002,Inspection,Team C,2025-09-03,2025-09-01
CA000003,IN00003,Inspection,Team C,2025-08-14,2025-08-11
CA000004,IN00004,Signage,Team C,2025-07-12,2025-07-23
CA000005,IN00005,Training,Team D,2025-08-12,2025-09-01
CA000006,IN00006,Repair,Team D,2025-08-24,2025-08-25
CA000007,IN00007,Inspection,Team B,2025-06-26,2025-07-07
CA000008,IN00011,Signage,Team C,2025-07-20,2025-07-19
CA000009,IN00012,Training,Team D,2025-07-09,
CA000010,IN00013,Signage,Team D,2025-07-25,2025-08-11
CA000011,IN00014,Signage,Team A,2025-06-11,
CA000012,IN00015,Repair,Team C,2025-08-17,
CA000013,IN00017,Repair,Team A,2025-09-19,
CA000014,IN00018,Signage,Team B,2025-08-06,2025-08-16
CA000015,IN00019,Repair,Team C,2025-09-01,2025-09-10
CA000016,IN00020,Repair,Team C,2025-07-21,2025-07-31
CA000017,IN00021,Signage,Team A,2025-07-03,
CA000018,IN00022,Repair,Team A,2025-08-29,
CA000019,IN00023,Procedure update,Team D,2025-07-22,
CA000020,IN00024,Inspection,Team A,2025-09-09,2025-09-21
CA000021,IN00025,Repair,Team D,2025-08-24,2025-09-04
CA000022,IN00026,Repair,Team D,2025-07-11,2025-07-30
CA000023,IN00027,Training,Team D,2025-07-08,2025-07-23
CA000024,IN00028,Inspection,Team C,2025-09-11,2025-10-01
CA000025,IN00029,Procedure update,Team A,2025-08-31,2025-09-18
CA000026,IN00030,Inspection,Team D,2025-08-07,2025-08-15
CA000027,IN00031,Inspection,Team D,2025-08-23,2025-08-29
CA000028,IN00033,Training,Team A,2025-07-11,2025-07-27
CA000029,IN00034,Inspection,Team C,2025-09-01,
CA000030,IN00035,Procedure update,Team D,2025-08-10,
CA000031,IN00036,Signage,Team C,2025-07-21,2025-08-06
CA000032,IN00037,Signage,Team D,2025-09-11,2025-09-29
CA000033,IN00038,Signage,Team D,2025-08-31,2025-09-11
CA000034,IN00039,Inspection,Team C,2025-07-30,2025-07-27
CA000035,IN00040,Procedure update,Team D,2025-09-07,2025-09-07
CA000036,IN00042,Repair,Team A,2025-08-16,2025-08-20
CA000037,IN00043,Signage,Team B,2025-07-15,2025-07-12
CA000038,IN00044,Signage,Team A,2025-08-01,2025-07-31
CA000039,IN00045,Inspection,Team B,2025-08-18,2025-09-01
CA000040,IN00046,Repair,Team B,2025-09-02,2025-09-22
CA000041,IN00047,Signage,Team B,2025-09-13,
CA000042,IN00048,Procedure update,Team B,2025-06-08,2025-06-19
CA000043,IN00049,Repair,Team D,2025-08-07,
CA000044,IN00050,Signage,Team B,2025-07-28,
CA000045,IN00051,Training,Team A,2025-07-15,
CA000046,IN00052,Procedure update,Team D,2025-08-09,
CA000047,IN00053,Inspection,Team A,2025-07-14,
CA000048,IN00054,Training,Team D,2025-08-12,2025-08-26
CA000049,IN00055,Training,Team C,2025-07-06,2025-07-15
CA000050,IN00056,Procedure update,Team A,2025-06-29,2025-07-10
CA000051,IN00057,Inspection,Team A,2025-08-30,
CA000052,IN00058,Repair,Team B,2025-07-17,2025-07-24
CA000053,IN00059,Training,Team D,2025-06-10,2025-06-17
CA000054,IN00060,Signage,Team C,2025-07-17,
CA000055,IN00061,Signage,Team C,2025-06-29,2025-07-10
CA000056,IN00062,Signage,Team A,2025-08-01,2025-08-14
CA000057,IN00063,Signage,Team C,2025-09-08,2025-09-27
CA000058,IN00065,Procedure update,Team C,2025-08-18,2025-09-06
CA000059,IN00066,Inspection,Team C,2025-07-01,2025-07-02
CA000060,IN00067,Repair,Team C,2025-07-17,2025-07-14
CA000061,IN00068,Inspection,Team D,2025-07-29,2025-08-18
CA000062,IN00069,Repair,Team C,2025-08-23,
CA000063,IN00070,Procedure update,Team B,2025-08-25,
CA000064,IN00071,Training,Team A,2025-06-27,2025-07-06
CA000065,IN00072,Signage,Team A,2025-06-18,2025-06-19
CA000066,IN00073,Training,Team B,2025-06-26,2025-07-11
CA000067,IN00074,Training,Team C,2025-06-26,2025-07-05
CA000068,IN00075,Inspection,Team A,2025-06-20,2025-07-04
CA000069,IN00077,Signage,Team B,2025-08-18,2025-08-22
CA000070,IN00078,Repair,Team D,2025-08-25,
CA000071,IN00079,Training,Team B,2025-09-13,2025-09-18
CA000072,IN00080,Repair,Team C,2025-08-06,
CA000073,IN00081,Procedure update,Team D,2025-06-14,2025-06-29
CA000074,IN00082,Training,Team B,2025-08-15,2025-09-01
CA000075,IN00083,Training,Team B,2025-08-03,2025-08-06
CA000076,IN00084,Procedure update,Team A,2025-07-25,2025-08-09
CA000077,IN00085,Repair,Team D,2025-07-28,
CA000078,IN00087,Repair,Team C,2025-07-27,2025-08-08
CA000079,IN00088,Signage,Team C,2025-07-19,2025-08-05
CA000080,IN00089,Inspection,Team C,2025-07-07,2025-07-25
CA000081,IN00090,Repair,Team D,2025-09-01,
CA000082,IN00091,Repair,Team A,2025-09-04,2025-09-06
CA000083,IN00092,Signage,Team B,2025-07-03,2025-07-14
CA000084,IN00093,Repair,Team C,2025-08-14,
CA000085,IN00094,Procedure update,Team A,2025-07-12,
CA000086,IN00095,Repair,Team C,2025-08-20,2025-09-07
CA000087,IN00096,Repair,Team B,2025-08-18,2025-08-20
CA000088,IN00097,Inspection,Team D,2025-07-03,
CA000089,IN00098,Procedure update,Team C,2025-06-16,2025-06-21
CA000090,IN00099,Signage,Team D,2025-06-20,2025-06-28
CA000091,IN00100,Training,Team D,2025-09-20,2025-09-30
CA000092,IN00101,Procedure update,Team C,2025-07-11,2025-07-12
CA000093,IN00102,Signage,Team C,2025-07-09,2025-07-27
CA000094,IN00103,Signage,Team B,2025-08-15,2025-08-24
CA000095,IN00104,Training,Team A,2025-06-30,2025-07-05
CA000096,IN00105,Inspection,Team D,2025-08-05,
CA000097,IN00108,Procedure update,Team B,2025-09-14,2025-10-03
CA000098,IN00109,Training,Team A,2025-07-28,2025-07-26
CA000099,IN00110,Signage,Team A,2025-07-15,2025-07-26
CA000100,IN00111,Procedure update,Team B,2025-09-13,2025-10-03
CA000101,IN00112,Inspection,Team A,2025-07-08,2025-07-11
CA000102,IN00113,Signage,Team C,2025-06-24,2025-07-12
CA000103,IN00114,Training,Team C,2025-06-28,
CA000104,IN00116,Repair,Team C,2025-07-01,2025-07-04
CA000105,IN00117,Signage,Team C,2025-08-05,2025-08-08
CA000106,IN00118,Procedure update,Team D,2025-08-10,2025-08-27
CA000107,IN00119,Inspection,Team A,2025-07-18,
CA000108,IN00121,Inspection,Team C,2025-06-24,2025-06-22
CA000109,IN00122,Training,Team A,2025-08-10,2025-08-17
CA000110,IN00123,Inspection,Team B,2025-06-27,
CA000111,IN00124,Inspection,Team B,2025-08-24,2025-09-04
CA000112,IN00125,Procedure update,Team D,2025-09-05,2025-09-10
CA000113,IN00126,Training,Team B,2025-09-16,2025-09-23
CA000114,IN00127,Procedure update,Team A,2025-07-17,2025-08-05
CA000115,IN00128,Training,Team A,2025-06-16,2025-06-25
CA000116,IN00129,Inspection,Team C,2025-06-25,2025-06-29
CA000117,IN00130,Signage,Team B,2025-07-23,2025-08-07
CA000118,IN00131,Training,Team A,2025-06-27,2025-06-29
CA000119,IN00132,Inspection,Team C,2025-08-05,
CA000120,IN00134,Repair,Team B,2025-07-17,
CA000121,IN00135,Repair,Team B,2025-07-19,
CA000122,IN00136,Training,Team D,2025-06-13,2025-06-24
CA000123,IN00137,Repair,Team D,2025-06-30,
CA000124,IN00138,Procedure update,Team A,2025-06-18,2025-06-21
CA000125,IN00139,Inspection,Team A,2025-07-22,2025-08-06
CA000126,IN00140,Inspection,Team C,2025-09-07,2025-09-19
CA000127,IN00141,Training,Team C,2025-08-05,2025-08-08
CA000128,IN00142,Training,Team A,2025-09-14,2025-09-25
CA000129,IN00143,Signage,Team C,2025-08-10,2025-08-10
CA000130,IN00145,Signage,Team B,2025-07-03,
CA000131,IN00147,Procedure update,Team A,2025-09-05,
CA000132,IN00149,Training,Team B,2025-09-08,
CA000133,IN00150,Inspection,Team B,2025-08-07,2025-08-08
CA000134,IN00151,Training,Team B,2025-07-21,
CA000135,IN00152,Procedure update,Team B,2025-06-26,2025-07-12
CA000136,IN00153,Repair,Team B,2025-07-02,
CA000137,IN00154,Training,Team D,2025-08-17,
CA000138,IN00155,Inspection,Team C,2025-06-28,2025-07-03
CA000139,IN00156,Training,Team B,2025-07-25,2025-08-06
CA000140,IN00158,Inspection,Team B,2025-08-17,
CA000141,IN00159,Training,Team D,2025-06-29,2025-07-03
CA000142,IN00161,Inspection,Team D,2025-06-24,2025-07-04
CA000143,IN00162,Training,Team C,2025-08-24,
CA000144,IN00163,Inspection,Team C,2025-07-28,2025-08-15
CA000145,IN00165,Inspection,Team B,2025-08-11,2025-08-31
CA000146,IN00166,Repair,Team A,2025-06-25,2025-06-26
CA000147,IN00167,Training,Team B,2025-08-04,2025-08-20
CA000148,IN00168,Signage,Team C,2025-07-11,
CA000149,IN00169,Inspection,Team C,2025-07-26,2025-08-08
CA000150,IN00170,Repair,Team A,2025-08-07,2025-08-15
CA000151,IN00171,Repair,Team B,2025-08-29,2025-08-27
CA000152,IN00172,Repair,Team D,2025-08-11,2025-08-15
CA000153,IN00173,Repair,Team D,2025-07-09,2025-07-17
CA000154,IN00174,Inspection,Team D,2025-07-28,2025-08-02
CA000155,IN00175,Signage,Team C,2025-06-19,2025-07-02
CA000156,IN00177,Procedure update,Team D,2025-06-16,
CA000157,IN00178,Inspection,Team C,2025-08-10,
CA000158,IN00179,Inspection,Team B,2025-07-31,2025-07-28
CA000159,IN00180,Training,Team C,2025-09-04,
CA000160,IN00181,Inspection,Team A,2025-08-17,2025-08-27
CA000161,IN00184,Repair,Team A,2025-07-01,2025-07-19
CA000162,IN00185,Repair,Team A,2025-07-02,2025-07-18
CA000163,IN00186,Inspection,Team B,2025-06-27,2025-07-16
CA000164,IN00187,Inspection,Team B,2025-07-14,2025-07-31
CA000165,IN00188,Inspection,Team D,2025-07-09,
CA000166,IN00189,Signage,Team D,2025-08-11,2025-08-20
CA000167,IN00192,Signage,Team A,2025-07-25,2025-08-14
CA000168,IN00193,Repair,Team A,2025-09-20,2025-09-26
CA000169,IN00194,Repair,Team B,2025-07-11,2025-07-23
CA000170,IN00195,Inspection,Team B,2025-09-03,2025-09-12
CA000171,IN00196,Repair,Team D,2025-07-17,2025-07-22
CA000172,IN00197,Repair,Team B,2025-09-07,2025-09-25
CA000173,IN00198,Training,Team A,2025-09-10,2025-09-17
CA000174,IN00199,Inspection,Team D,2025-08-09,2025-08-26
CA000175,IN00200,Inspection,Team D,2025-07-27,2025-07-27
CA000176,IN00201,Signage,Team C,2025-09-14,
CA000177,IN00203,Procedure update,Team B,2025-06-24,2025-07-05
CA000178,IN00204,Procedure update,Team C,2025-07-05,
CA000179,IN00205,Inspection,Team C,2025-08-02,2025-08-22
CA000180,IN00206,Procedure update,Team D,2025-07-20,2025-08-08
CA000181,IN00207,Signage,Team C,2025-08-26,
CA000182,IN00209,Signage,Team A,2025-09-13,2025-09-18
CA000183,IN00210,Repair,Team D,2025-08-18,
CA000184,IN00211,Procedure update,Team D,2025-07-09,2025-07-09
CA000185,IN00212,Training,Team A,2025-09-12,2025-09-28
CA000186,IN00213,Repair,Team C,2025-06-15,
CA000187,IN00214,Procedure update,Team D,2025-07-19,
CA000188,IN00215,Procedure update,Team A,2025-07-19,2025-07-30
CA000189,IN00217,Procedure update,Team A,2025-07-17,
CA000190,IN00218,Training,Team C,2025-07-01,2025-07-08
CA000191,IN00220,Signage,Team C,2025-08-25,2025-08-30
CA000192,IN00221,Signage,Team D,2025-09-06,2025-09-04
CA000193,IN00222,Repair,Team C,2025-08-01,2025-08-03
CA000194,IN00223,Procedure update,Team A,2025-09-25,2025-09-27
CA000195,IN00224,Signage,Team C,2025-08-07,2025-08-11
CA000196,IN00225,Signage,Team D,2025-08-13,2025-08-22
CA000197,IN00226,Procedure update,Team C,2025-07-18,2025-07-23
CA000198,IN00227,Repair,Team B,2025-07-29,
CA000199,IN00228,Inspection,Team C,2025-07-18,2025-07-24
CA000200,IN00229,Training,Team B,2025-07-08,2025-07-24
CA000201,IN00230,Procedure update,Team C,2025-09-14,2025-10-02
CA000202,IN00231,Repair,Team D,2025-06-18,2025-06-27
CA000203,IN00232,Signage,Team A,2025-09-24,
CA000204,IN00233,Repair,Team B,2025-07-11,2025-07-09
CA000205,IN00234,Repair,Team B,2025-06-24,2025-06-28
CA000206,IN00235,Repair,Team A,2025-08-19,2025-08-22
CA000207,IN00236,Procedure update,Team D,2025-07-21,
CA000208,IN00237,Repair,Team D,2025-06-23,
CA000209,IN00238,Inspection,Team D,2025-09-03,2025-09-20
CA000210,IN00239,Signage,Team C,2025-07-27,
CA000211,IN00240,Repair,Team C,2025-07-28,
CA000212,IN00241,Repair,Team C,2025-06-24,
CA000213,IN00242,Inspection,Team B,2025-06-28,2025-07-12
CA000214,IN00243,Procedure update,Team C,2025-07-04,
CA000215,IN00244,Inspection,Team B,2025-07-05,2025-07-13
CA000216,IN00245,Procedure update,Team D,2025-08-20,
CA000217,IN00246,Training,Team D,2025-07-09,2025-07-11
CA000218,IN00247,Procedure update,Team B,2025-07-01,
CA000219,IN00248,Signage,Team C,2025-09-01,2025-09-21
CA000220,IN00250,Repair,Team D,2025-09-11,2025-09-21
CA000221,IN00251,Signage,Team C,2025-07-23,2025-08-11
CA000222,IN00252,Procedure update,Team B,2025-07-08,
CA000223,IN00253,Inspection,Team A,2025-07-07,2025-07-04
CA000224,IN00254,Inspection,Team A,2025-08-22,2025-08-21
CA000225,IN00255,Repair,Team B,2025-07-27,2025-07-30
CA000226,IN00256,Training,Team C,2025-08-08,2025-08-20
CA000227,IN00257,Procedure update,Team D,2025-06-26,2025-07-14
CA000228,IN00258,Repair,Team A,2025-06-26,2025-07-03
CA000229,IN00259,Signage,Team D,2025-06-13,
CA000230,IN00260,Signage,Team A,2025-07-31,2025-08-04
CA000231,IN00261,Training,Team A,2025-08-23,2025-08-28
CA000232,IN00263,Inspection,Team A,2025-08-01,2025-07-29
CA000233,IN00264,Inspection,Team C,2025-08-05,2025-08-20
CA000234,IN00265,Procedure update,Team B,2025-08-20,2025-09-05
CA000235,IN00266,Repair,Team C,2025-09-05,2025-09-23
CA000236,IN00267,Repair,Team B,2025-08-22,
CA000237,IN00268,Inspection,Team A,2025-09-02,2025-08-31
CA000238,IN00269,Training,Team C,2025-09-02,
CA000239,IN00270,Procedure update,Team B,2025-08-25,2025-08-25
CA000240,IN00271,Procedure update,Team D,2025-09-15,
CA000241,IN00272,Signage,Team B,2025-07-03,2025-07-02
CA000242,IN00273,Procedure update,Team B,2025-07-08,
CA000243,IN00274,Inspection,Team A,2025-08-19,2025-08-31
CA000244,IN00275,Inspection,Team D,2025-07-23,2025-07-30
CA000245,IN00276,Repair,Team D,2025-07-25,2025-08-01
CA000246,IN00277,Procedure update,Team D,2025-08-09,
CA000247,IN00278,Training,Team C,2025-08-19,2025-08-31
CA000248,IN00279,Signage,Team A,2025-08-15,2025-08-27
CA000249,IN00280,Signage,Team B,2025-08-27,2025-08-26
CA000250,IN00281,Training,Team C,2025-08-01,2025-07-29
CA000251,IN00282,Training,Team D,2025-06-24,
CA000252,IN00283,Inspection,Team C,2025-09-17,
CA000253,IN00284,Training,Team D,2025-07-04,
CA000254,IN00286,Repair,Team D,2025-09-13,2025-10-02
CA000255,IN00287,Procedure update,Team B,2025-07-17,2025-07-15
CA000256,IN00289,Signage,Team B,2025-08-20,2025-08-24
CA000257,IN00291,Procedure update,Team A,2025-06-26,
CA000258,IN00292,Signage,Team D,2025-08-05,2025-08-23
CA000259,IN00293,Signage,Team B,2025-09-08,
CA000260,IN00295,Procedure update,Team D,2025-08-27,2025-08-24
CA000261,IN00296,Procedure update,Team C,2025-08-06,
CA000262,IN00297,Procedure update,Team B,2025-09-04,2025-09-02
CA000263,IN00298,Training,Team B,2025-08-20,2025-08-20
CA000264,IN00300,Signage,Team D,2025-06-26,2025-06-28
CA000265,IN00301,Signage,Team A,2025-06-17,2025-07-02
CA000266,IN00302,Repair,Team A,2025-07-06,
CA000267,IN00303,Training,Team D,2025-08-16,2025-08-29
CA000268,IN00304,Repair,Team A,2025-06-28,2025-07-07
CA000269,IN00305,Inspection,Team C,2025-09-16,2025-09-26
CA000270,IN00306,Inspection,Team B,2025-08-06,2025-08-04
CA000271,IN00307,Training,Team B,2025-07-14,2025-07-29
CA000272,IN00308,Signage,Team D,2025-06-24,
CA000273,IN00309,Repair,Team C,2025-08-03,2025-08-12
CA000274,IN00310,Signage,Team D,2025-06-18,2025-06-21
CA000275,IN00311,Inspection,Team C,2025-07-21,2025-07-25
CA000276,IN00312,Training,Team A,2025-06-28,2025-07-05
CA000277,IN00313,Inspection,Team B,2025-07-05,2025-07-02
CA000278,IN00314,Training,Team B,2025-08-16,2025-08-17
CA000279,IN00315,Inspection,Team A,2025-08-11,2025-08-20
CA000280,IN00316,Inspection,Team A,2025-09-23,2025-10-08
CA000281,IN00317,Procedure update,Team C,2025-07-23,
CA000282,IN00318,Repair,Team D,2025-08-30,2025-09-19
CA000283,IN00319,Procedure update,Team D,2025-08-06,
CA000284,IN00321,Repair,Team B,2025-09-19,
CA000285,IN00322,Signage,Team B,2025-09-11,2025-09-20
CA000286,IN00323,Repair,Team A,2025-07-03,2025-07-09
CA000287,IN00324,Repair,Team D,2025-07-15,
CA000288,IN00325,Procedure update,Team D,2025-06-26,2025-07-05
CA000289,IN00326,Procedure update,Team C,2025-08-06,2025-08-15
CA000290,IN00327,Inspection,Team B,2025-06-25,2025-07-15
CA000291,IN00328,Inspection,Team C,2025-07-22,2025-07-25
CA000292,IN00330,Signage,Team C,2025-07-10,
CA000293,IN00331,Procedure update,Team C,2025-06-18,2025-07-02
CA000294,IN00334,Signage,Team B,2025-09-11,2025-09-14
CA000295,IN00335,Training,Team B,2025-08-26,2025-09-06
CA000296,IN00336,Inspection,Team B,2025-08-17,2025-09-06
CA000297,IN00337,Repair,Team B,2025-06-25,
CA000298,IN00338,Repair,Team D,2025-08-30,2025-09-19
CA000299,IN00339,Training,Team A,2025-07-06,2025-07-26
CA000300,IN00340,Signage,Team A,2025-06-11,2025-06-09
CA000301,IN00341,Repair,Team C,2025-07-03,2025-07-04
CA000302,IN00342,Inspection,Team D,2025-09-03,2025-09-10
CA000303,IN00343,Training,Team B,2025-07-15,2025-07-21
CA000304,IN00345,Procedure update,Team B,2025-06-21,2025-07-07
CA000305,IN00346,Repair,Team A,2025-09-09,2025-09-14
CA000306,IN00347,Training,Team A,2025-08-14,
CA000307,IN00348,Repair,Team A,2025-07-22,2025-08-03
CA000308,IN00349,Inspection,Team B,2025-09-01,
CA000309,IN00350,Inspection,Team C,2025-07-31,
CA000310,IN00351,Training,Team B,2025-08-09,
CA000311,IN00352,Training,Team B,2025-09-06,2025-09-07
CA000312,IN00354,Training,Team C,2025-09-06,
CA000313,IN00355,Inspection,Team D,2025-09-06,2025-09-22
CA000314,IN00357,Inspection,Team A,2025-08-08,2025-08-13
CA000315,IN00358,Signage,Team C,2025-09-08,2025-09-12
CA000316,IN00359,Procedure update,Team A,2025-09-10,2025-09-15
CA000317,IN00360,Training,Team A,2025-08-06,2025-08-22
CA000318,IN00361,Procedure update,Team D,2025-07-07,
CA000319,IN00362,Signage,Team C,2025-07-22,2025-07-31
CA000320,IN00363,Signage,Team B,2025-08-24,2025-09-12
CA000321,IN00365,Signage,Team A,2025-09-06,2025-09-12
CA000322,IN00368,Inspection,Team A,2025-07-27,
CA000323,IN00369,Training,Team B,2025-07-07,
CA000324,IN00370,Repair,Team A,2025-07-16,2025-07-31
CA000325,IN00371,Signage,Team A,2025-07-27,
CA000326,IN00372,Procedure update,Team C,2025-08-09,
CA000327,IN00373,Repair,Team B,2025-06-29,2025-06-27
CA000328,IN00376,Training,Team D,2025-08-01,
CA000329,IN00377,Training,Team D,2025-09-05,2025-09-24
CA000330,IN00378,Procedure update,Team B,2025-08-06,2025-08-09
CA000331,IN00379,Procedure update,Team B,2025-07-25,2025-07-23
CA000332,IN00380,Signage,Team B,2025-07-14,2025-07-17
CA000333,IN00381,Training,Team A,2025-09-12,
CA000334,IN00382,Repair,Team B,2025-08-27,
CA000335,IN00383,Inspection,Team C,2025-08-16,2025-08-26
CA000336,IN00384,Repair,Team A,2025-06-19,
CA000337,IN00385,Training,Team A,2025-09-19,2025-09-21
CA000338,IN00386,Training,Team D,2025-06-16,
CA000339,IN00387,Procedure update,Team A,2025-09-19,
CA000340,IN00389,Inspection,Team A,2025-06-17,2025-06-25
CA000341,IN00390,Procedure update,Team C,2025-07-20,
CA000342,IN00391,Procedure update,Team C,2025-07-06,2025-07-12
CA000343,IN00392,Repair,Team A,2025-09-20,2025-10-05
CA000344,IN00393,Signage,Team D,2025-07-23,2025-08-03
CA000345,IN00394,Procedure update,Team D,2025-07-21,2025-07-22
CA000346,IN00396,Repair,Team D,2025-09-17,2025-10-04
CA000347,IN00397,Repair,Team B,2025-08-07,
CA000348,IN00398,Procedure update,Team D,2025-08-29,2025-08-26
CA000349,IN00399,Procedure update,Team B,2025-07-03,2025-07-15
CA000350,IN00400,Procedure update,Team D,2025-08-05,2025-08-08
CA000351,IN00401,Training,Team C,2025-06-26,2025-07-14
CA000352,IN00403,Inspection,Team C,2025-08-08,
CA000353,IN00404,Repair,Team D,2025-07-30,
CA000354,IN00405,Signage,Team D,2025-06-19,2025-06-26
CA000355,IN00406,Signage,Team C,2025-09-08,2025-09-14
CA000356,IN00407,Training,Team A,2025-07-16,2025-07-28
CA000357,IN00408,Repair,Team C,2025-07-02,2025-07-09
CA000358,IN00409,Inspection,Team C,2025-09-08,
CA000359,IN00410,Signage,Team B,2025-08-31,2025-09-01
CA000360,IN00411,Procedure update,Team D,2025-09-03,2025-09-07
CA000361,IN00412,Procedure update,Team B,2025-08-27,2025-08-27
CA000362,IN00413,Inspection,Team C,2025-06-22,2025-07-03
CA000363,IN00414,Signage,Team B,2025-08-18,
CA000364,IN00415,Repair,Team A,2025-07-05,2025-07-09
CA000365,IN00416,Signage,Team C,2025-07-11,2025-07-12
CA000366,IN00417,Repair,Team B,2025-08-21,2025-09-04
CA000367,IN00419,Repair,Team C,2025-08-29,2025-08-27
CA000368,IN00420,Signage,Team C,2025-07-30,2025-07-27
